Name;;Color;;;Model;;Year;More details;
-------------------------------------------------------------------------------------------------------------------------------------------------------------------------------------------------------------------;;;;;;;;;
Muscle speeder;;blue;;;Race car;;2015;;
track ripper;;light blue;;;Race car;;2017;;
what-4-2;;blue ;;;future car;;2004;;
96 nissan 180SX type X;;blue;;;Car;;2015;;
firebird ;;blue;;;drag car ;;2018;;
BMW M3 GT2;;blue;;;Race car;;2011;;
lamborghini veneno;;green;;;Car;;2013;;
69 dodge charger ;;green;;;Car;;2004;;
Salt shaker;;Yellow, dark grey, silver, red, black;;;Race car;;2014;;
Turbo rooster;;Yellow,red,purple,blue,silver;;;Flying race car;;2016;;
1997 ford f-150;;Yellow,silver,black,blue,red,;;;Monster truck;;1997;;
F1 racer;;Red,yellow,black,grey;;;Race car;;2016;;
Dodge Challenger Drift car;;Red,black,white;;;Drift car;;2010;;
Audacious;;Red,yellow,black,white;;;Tunned car;;2002;;
?(Hotwheels);;Red,yellow,black,silver;;;Future car;;1991;;
Synkro;;Red,black,silver;;;Race car;;?;With wing;
DeLorean (DMC);;Red,yellow,black,white,blue;;;Car;;2009;;
Amazoom;;Yellow, black, white, blue,red,orange;;;Race car;;2013;;
X-steam;;Gold, grey, blue, turquoise, black;;;Future car;;2014;;
Heavy hitcher;;Orange, blue, yellow, white, black, silver;;;Truck;;2018;;
Horseplay;;Red,silver,black;;;X-raycers;;2012;;
Time shifter;;Red,yellow,black,green;;;Van;;2017;;
Lambo urus;;Red,black;;;Car;;2014;;
Arrow dynamic;;Red,yellow,white,black;;;Gokart;;2012;;
Time attaxi;;Red,black;;;taxi;;2015;;
Synkro;;Red,black,silver;;;Car;;2009;No wing;
Stockar;;Orange,silver;;;Stock car;;2012;;
Pony up;;Orange, white, black;;;Car;;2001;;
Pro stock chevy s10;;Neon orange;;;Drag car;;2000;;
12 corvette ZO6;;Brown,yellow,black;;;Car;;2012;;
71 dodge demon;;Orange;;;Car;;2008;;
Olds 442;;Brown,black;;;Car;;2009;;
?(build up car);;orange;;;Car or lifted car;;2015;;
Lambo estoque;;white;;;Car;;2011;;
Mazda REPU;;white;;;Pickup truck;;2016;;
Honda racer;;white;;;racer;;2014;;
Hiway hauler;;Black,blue;;;Truck;;2014;;
Shoe box;;white;;;Car;;2000;;
Circle trucker;;white;;;Drag car;;2010;;
85 mustang convertible;;White,red;;;Car;;2013;;
Power Rocket;;white;;;future Car;;2016;;
Scoops di fuego;;White;;;Car;;2009;;
Split decision;;White + blue;;;Future car;;2012;1 door broken;
GAZELLA R;;white;;;Future car;;2017;;
MBX Flatbed king;;White + blue;;;truck;;2017;Not hotwheels;
10 pro stock camaro;;Grey;;;dragster;;2010;;
RD-03;;silver;;;Car;;2014;;
revited;;black;;;Car;;2004;;
82 Nissan skyline R30;;grey;;;Car;;2017;;
71 Datsun 510 wagon;;grey;;;Car;;2012;;
Custom 77 dodge van;;silver;;;Van;;2018;;
Lancia stratos;;grey;;;Car;;2014;;
Custom 56 ford truck;;grey;;;Pickup truck truck;;2008;;
hotweiler;;grey;;;Pickup truck truck;;2016;Its a dog;
Baja hauler;;Grey + red;;;truck;;2016;;
vandetta;;Silver + purple;;;Future car;;2017;;
Monster diary delivery;;white;;;Monster truck;;2012;;
Nitrium;;orange;;;X-raycers;;2013;;
Aston Martin one-77;;Silver/grey;;;Gran. car;;2011;;
Golden arrow;;silver;;;Car;;2002;;
Two timer;;silver;;;Race car;;2014;;
Chevy Camaro concept;;black;;;Car;;2011;;
Roller toaster;;Black;;;Van;;2016;;
Custom 62 chevy;;black;;;Pickup truck;;2015;;
Porsche 934 turbo RSR;;Grey + blue;;;racer;;2014;;
68 copo camaro;;grey;;;Car;;2010;50 years hot wheels;
Fairlady 2000;;Black;;;Car;;2016;;
Porsche 934.5;;black;;;Race car;;2016;;
Toyota AE-86 Corolla;;red;;;Car;;2005;;
Ford GT LM;;black;;;Car;;2015;;
67 Plymouth GTX;;black;;;Car;;2009;;
Zoom in;;black;;;Car;;2017;Has place for go pro;
Old number 5.5;;red;;;Fire engine;;2011;;
Porsche 918 spyder;;black;;;Car;;2012;;
Cyber speeder;;red;;;Future car;;2017;;
Double vision;;yellow;;;Car;;1998;;
Dodge XP-07;;pink;;;Car;;2019;;
Fast felion;;blue;;;Car;;2008;;
RRRoadster;;black;;;Car;;2014;Like fast felion just without roof;
Gas monkey 68 corvette;;gold;;;Car;;2016;Made from gas monkey;
Studebaker avanti;;gold;;;Car;;1963;;
1941 ford Pickup truck;;Black + yellow;;;Pickup truck;;2002;;
52 chevy;;Gold;;;Pickup truck;;2006;;
11 Dodge Charger R/T;;yellow;;;Car;;2013;Color shifter;
Lambo murcielago;;yellow;;;Car;;2002;;
Cabbin fever;;black+white+gold;;;truck;;2000;;
Howlin’ heat;;brown;;;Car;;2010;Angry cat;
What a drag;;orange+silver;;;Trike;;1998;;
71 Ford Mustang mach 1;;Red;;;Car;;2019;James bonds car;
Ferrari 430 scuderia;;Red + yellow stripes;;;Car;;2008;;
Porsche 911 GT3 RS;;red;;;Car;;2010;;
Rocketfire;;orange;;;Rocket car;;2009;;
Power pipes;;Brown/orange;;;Car;;2011;;
backdrafter;;orange;;;Truck/car;;2014;;
Lamborghini huracan LP 620-2 Super trofeo;;Orange neon;;;Race car;;2016;;
Hot wheels high;;gold;;;bus;;2013;;
Fast felion;;black;;;Car;;2008;;
Avant garde;;Blue;;;Old/future car;;2008;;
Avant garde;;yellow;;;Old/future car;;2008;;
Honda S2000;;Turquoise;;;Race car;;2010;;
Fast master;;blue;;;Car;;2017;50 years of hot wheels;
Rev rod;;brown;;;Car;;2017;;
Rev rod;;torqouise;;;Car;;2018;;
Cockney cab;;blue;;;taxi;;2005;;
Customised C3500;;turquoise;;;Pickup truck;;1997;;
71 Plymouth GTX;;blue;;;Car;;2010;;
Epic fast;;Light blue;;;Car;;2017;;
Grassed lightnin’;;Blue light;;;Race car;;2000;;
Dodge Charger SRT8;;Blue;;;Car;;2006;;
Velocita;;purple;;;Car;;2017;;
Pikes peak celica;;blue;;;Race car;;1997;;
C6 corvette;;Blue;;;Car;;2003;;
Enzo ferrrari;;blue;;;Car;;2002;;
Tread air;;Light blue;;;Snow car;;2009;;
Torque screw;;Turquoise;;;Car;;2004;;
24/seven;;blue;;;Car;;2002;;
High voltage;;Light blue;;;Car;;2005;;
Brit speed;;blue;;;Car;;2009;;
09 corvette ZRI;;Light blue;;;Car;;2008;;
Fi racer;;purple;;;Formula car;;2017;;
Volkswagen T2Pickup truck;;Green weird;;;Pickup truck truck;;2016;;
Ford GT LM;;Light blue;;;Race car;;2015;;
ford GT-40 ;;blue;;;Car;;1999;;
69 COPO Corvette;;red orange;;;Car;;2010;;
1968 Mustang;;green ;;;car with big motor;;2002;HW flames;
Sting Rod;;red;;;Car;;2009;has rockets on top;
Midnight Otto;;blue;;;Car;;2001;;
Porsche Carrrera GT;;silver;;;Car;;2006;;
Hover and Out ;;purple;;;future car;;2017;;
Grassed lightnin’;;white;;;Race car;;2000;;
GOTTA GO ;;Light blue;;;toilet car;;;;
The Haulinator;;orange and yellow;;;abschleppwagen;;2014;;
tyrell p34;;white;;;Race car;;2010;has 6 wheels;
The Gov' ner;;black;;;Car;;2015;;
Baja Bone SHAKER;;gold;;;ranger truck;;2012;;
2012 Acura NSX Concept;;black;;;Race car;;2012;;
Hummmer;;red;;;jeep;;2008;;
911 GT3 Cup;;silver;;;Car;;1998;;
66 Chevy corvette;;red;;;Car;;2016;;
Mazda furai;;blue;;;Race car;;2009;;
?( race car);;white;;;Race car;;1998;;
Lamborghini Sesto Elemento;;Gold;;;Car;;2013;;
Astro funk;;green;;;Car;;2011;;
Lamborghini Sesto Elemento;;black;;;Car;;2013;;
Silver Bullet 9;;white;;;Car;;1974;;
67 Plymouth gtx;;Black;;;Car;;2009;;
40 somethin;;Light blue;;;Car;;2001;;
rogue hog;;green silver;;;Car;;2007;;
F-Racer;;green;;;Race car;;2003;;
Aston Vantage V8 vantage;;purple;;;Car;;?;;
Corvette SR2;;orange;;;Car;;2001;;
Corvette Stingray ;;yellow;;;Car;;;;
65 impala;;black;;;old car;;1996;;
metaloid;;blue;;;future car;;2005;;
turbolence;;kaki;;;old future;;1999;;
Bone Shaker;;blue;;;old;;2016;;
chicane;;yellow;;;Race car;;2014;;
police ?;;black;;;police;;2010;;
porsche carrera gt;;silver;;;Car;;?;;
Mclaren P1;;orange;;;Race car;;2014;;
tour de Fast;;green;;;Car;;2016;;
Lamborghini Huracan LP 610-4;;green;;;Race car;;2014;;
Mclaren 720s;;white;;;Race car;;2017;;
Plymouth Barracouda;;red;;;old car;;?;;
32 Ford;;blue;;;old;;1997;;
twin Mill;;green;;;Car;;1969;Treasure hunt;
Sky Dome;;silver red black;;;future car;;2016;;
Cadillac Lmp;;black;;;Race car;;2000;;
Lamborghini Aventador LP 700-4;;green;;;Car;;2011;;
prutalstic;;kaki;;;Car;;2004;;
Power Sander;;white red;;;Buggy;;?;;
Corvette Stingray Gmtm;;blue;;;old car;;2002;;
The Embosser ;;black;;;truck;;2016;;
Volkswagen Käfer racer;;blue;;;Race car;;2016;;
Time Tracker;;neon green;;;Race car;;2012;;
Street Wiener;;brown;;;hotdog;;2017;;
Retro Active ;;gold;;;batterie car;;2010;;
Lamborghini Murcielago ;;white ;;;Car;;2002;;
Porsche 934 turbo RSR;;green ;;;Car;;2014;;
Muscle speeder;;blue;;;Car;;2015;;
Morris Mini ;;green;;;Car;;2000;;
Aston Martin one-77;;yellow;;;Car;;2000;;
2016 Ford Gt Race;;blue;;;Race car;;2016;;
Dodge Viper ;;black;;;Car;;2006;;
Nissan Fairlady Z;;yellow;;;Car;;2015;;
Prototype H-24;;green;;;future car;;2007;;
General Corp.;;neon green;;;hummer;;?;;
Midnight Otto;;blue;;;Car;;2001;;
Rd-03;;green;;;Car;;2014;;
Lambo. Gall. LP 570-4 Supperlage.;;yellow;;;Race car;;2010;;
14 Corvette Stingray;;blue;;;Hyper car;;2013;;
cruise bruiser;;grey;;;Car;;2015;;
spider rider;;yellow + grey;;;Car;;?;;
57 Chevy;;red + black + flames;;;Car;;1970;matchbox + hood opens;
Road Dragster;;red;;;Car;;1970;matchbox;
RD-03;;black;;;Car;;?;;
2011 IndyCar Oval Course race car;;green;;;Race car;;2011;;
Corvette grand sport;;silver;;;Car;;2008;;
Custom '01 Acura integra GSR;;black+white;;;Car;;2015;;
69 Chevelle SS 396;;silver;;;Car;;2008;;
Corvette C6-R;;black + yellow stripes;;;Race car;;2007;;
BMW M3 ;;silver;;;Car;;2010;;
17 Pagani Huayra roadster;;black + 1 red stripe middel;;;Hyper car;;2017;;
Jaded;;purple;;;dragster car;;2001;;
32 Ford;;orange;;;Old car;;1997;;
Power Pistons;;chrome silber;;;future car;;1994;;
Old # 3;;yellow;;;Old car;;2000;;
Pagani Huayra;;dark blue;;;Hyper car;;2012;;
Ford Thunderbolt;;black;;;Car;;2001;;
Dune it up;;darkgreen and bright orange;;;Buggy;;2008;;
Lotus Esprit S1;;yellow;;;Old car;;2014;;
Carbonator;;bronze;;;bottle;;2008;it can open bottles;
69 Chevelle;;blue;;;Car;;2004;;
Monteracer;;green;;;Car;;2015;;
70 Plymouth AAR Cuda;;blue + black;;;Car;;2008;;
64 Chevelle SS  TM GM;;red;;;Car;;2011;;
project speeder;;grey and silver;;;Car;;2013;;
70 Chevelle SS Wagon TM GM;;dark green+ brown+ yellow;;;Car;;2018;;
Chevrolet SS TM GM;;green;;;Car;;2011;;
Time Traker;;yellow;;;future car;;2012;;
twin Mill;;black and Gold;;;Car;;1969, 2011-14;;
Lamborghini Reventon Roadster;;silver;;;Hyper car;;2010;;
Corvette grand sport;;black;;;Car;;2008;;
Repo Duty;;chrome and orange;;;Abschleppwagen;;2013;;
Fast 4WD;;light green;;;race buggy;;2013;;
Corvette Grand sport;;beige;;;Car;;2012;;
67 Camaro ;;green;;;Old car;;2016;;
Swamp Buggy;;türkise;;;Buggy;;2008;;
Porsche 911 GT3 RS;;light green;;;Hyper car;;2016;;
Aston martin Vantage;;blue;;;Car;;2010;;
Corvette C6-R;;light green;;;Race car;;2012;;
Lamborghini Sesto Elemento;;grey;;;Hyper car;;2013;;
Dune Crusher;;green;;;Buggy;;2013;;
Tire Fryer;;blue;;;dragster car;;2002;;
Monteracer;;gold;;;Car;;2016;;
Blitzspeeder;;red+blue;;;Car;;2015;;
Dirty Outlaw;;white+ blue wing;;;Buggy;;2011;you can take the wing off;
Porsche 918 spyder;;Light blue;;;Hyper car;;2012;;
Track Ripper;;black + white stripes;;;Car;;2017;you can move the thing at the front;
Lotus Esprit ;;yellow;;;Car;;2001;;
BMW M4;;yellow+black;;;Car;;2014;;
Low Carbs;;black + silver;;;Car;;2005;;
Med-evil;;purple;;;Race car;;2006;;
Lamborghini Reventon Roadster;;grey;;;Hyper car;;2010;;
Track Hammer;;blue + silver;;;Race car;;2016;;
Subaru Impreza;;black;;;Car;;2019;;
Hyperliner;;yellow;;;race truck;;2001;you can take off karesorie;
slider;;purple;;;Car;;2008;;
Burl-Esque;;yellow;;;Race car;;2012;;
Super Gnat;;red;;;Buggy;;2013;;
Ballistik ;;green;;;Car;;2001;;
Chrysler ;;purple;;;Car;;2008;;
road bandit;;yellow;;;bus;;2019;;
Quick N Sik;;black and yellow;;;rally car;;2012;;
Porsche 934.5;;blue and white;;;Old car;;2016;;
rivited;;black;;;Car;;2005;;
la fasta;;green;;;Car;;2008;;
Porsche 934.5;;white;;;Car;;2016;;
Runway Res-Q;;green;;;truck;;2018;;
Gearonimo;;orange;;;Car;;2016;;
Time Tracker;;purple;;;rally car;;2012;;
Chevy Nomad;;red;;;Old car;;1969;;
Slide Kick;;red;;;Car;;2018;when the back is pulled a seat comes out;
driftsta;;yellow;;;Race car;;2014;;
sky Boat;;red and yellow;;;boat and heliopter;;2018;;
Mclaren F1 GTR;;white and red and black;;;Old race car;;2017;;
Aston Martin V8 Vantage;;blue;;;Car;;2015;;
Firebird;;white;;;dragster car;;1997;;
groot;;brown and red;;;character car;;2016;;
Asphalt Assault;;türkise;;;night race car;;2003;;
reindeer;;brown;;;it is a animal;;animal;;
CUL8R;;green;;;vampire car;;2003;;
Jaguar XJ220;;green;;;Car;;2018;;
Jaguar XJ220;;white;;;Car;;2016;;
total disposal;;blue and yellow;;;garbage truck;;2019;;
Back to the future Time Machine-Hovermode;;;silver grey;;Car;;2015;;
Stockcar;;yellow and orange;;;stock car;;2005;;
Barbaric;;purple;;;Car;;2009;;
16 Mercedes AMG Gt3;;silver;;;Race car;;2017;;
snoopy;;red, white, green and silver;;;Car;;2015;;
Arabic police Dodge Viper;;white and green;;;police;;2016;not hotwheels;
sandblaster;;matt orange;;;truck;;2015;;
Da'Kar;;silver;;;Buggy;;2008;;
Amazoom;;blue;;;Race car;;2013;;
Street shaker;;light green;;;Car;;2017;;
1996 porsche carrera;;yellow  ;;;Car;;2018;;
fast fish;;dark green;;;Car;;?;;
Big rig heat;;orange;;;race truck;;2018;car fits inside;
rock n race;;green;;;car truck;;2013;carry car;
lamborghini countach;;black and green;;;mini car;;2004;;
renault sport rs;;orange;;;Race car;;2015;;
scooby doo monster truck;;brown;;;monster truck;;----------------;;
fast bed hauler;;yellow;;;car hauler;;2013;treasure hunt;
pencil pusher;;yellow;;;car truck;;2016;car fits inside;
speed blaster;;purple and orange;;;car truck;;2014;;
vw beetle;;green;;;Car;;2012;;
Lamborghini Reventon ;;white;;;Car;;2014;;
Ford Gt Lm;;black  ;;;Race car;;2005;;
Lamborghini gallardo lp 570-4 superleggera;;green;;;Car;;2010;;
off track;;beij;;;Buggy;;2004;;
rogue hog;;red, white, green and silver;,black ;;Car;;2007;;
16 mercedes amg gt3;;blue;;;Race car;;2017;;
rogue hog;;silver and green;;;Car;;2007;;
ford focus;;green;;;dune buggy;;2008;;
custom 53 chevy;;purple;;;Car;;?;;
f1 racer;;orange;;;f1 car;;2016;;
flight 03;;red. ;;;Car;;2002;;
chevroletor;;white;;;Car;;2007;;
rig heat ;;silver and black;;;race truck;;2016;;
volkswagen brasilia;;kaki;;;Car;;2010;;
Lamborghini Sesto Elemento;;red;;;Car;;2013;;
off duty;;black;;;Car;;2013;;
69 camaro;;purple;;;Car;;----------------;;
ratical racer;;oranger;;;Car;;2012;;
4ward speed;;white;;;Car;;2014;;
carbide;;purple;;;future car;;2014;;
graffiti chrysler;;grey;;;Car;;2012;;
porsche 993 gt2;;blue;;;Car;;2012;;
mr11;;red;;;Car;;2013;;
schell shock;;yellow;;;Car;;2007;;
drift rod;;blue;;;Car;;2016;;
ratmobile;;yellow;;;Car;;2011;its a rat;
winning formula;;green;;;Race car;;2014;;
sand buggy;;green;;;Buggy;;2013;;
teleporting car;;silver;;;Car;;1996;with a person;
formula solar;;red;;;Car;;2015;;
street shaker;;green;;;Car;;2011;;
sting rod 2;;blue;;;Car;;2015;;
sand stinger;;light blue;;;quad;;2002;;
scania rally truck;;yellow;;;race truck;;2019;;
porsche carrera  ;;yellow;;;Car;;2018;;
mission control rig;;grey;;;truck;;2004;;
haulin horsepower;;black and red;;;truck;;2016;;
Ford Gt Lm;;grey;;;Race car;;2015;;
sky dome;;blue;;;Car;;2016;;
monteracer;;blue;;;Car;;2015;;
driftsta;;green;;;Car;;2014;;
f1 racer;;yellow;;;Race car;;2019;;
24 ours;;orange;;;lm car;;2010;;
mach speeder;;white;;;Race car;;2017;;
la fasta;;green;;;Car;;2008;;
electro silhouette;;grey;;;Car;;2018;;
RD-10;;red;;;Car;;2004;track star;
forward force;;green;;;Car;;2019;track star;
what-4-2;;blue;;;Car;;2004;track star;
Bye focal II;;blue and white;;;Car;;2009;track star;
hypertruck;;yellow;;;Car;;2012;track star;
Burl-Esque;;black;;;Car;;2015;track star;
92 BMW M3;;white and green;;;police;;2011;;
85 Honda City Turbo II;;grey;;;small car;;2017;;
Custom Ford Maverick;;red;;;car with flames;;2017;;
70 road runner;;red matt;;;car with flames;;2018;;
71 maverick grabber;;yellow;;;car with flames;;2009;;
plymouth superbird;;blue;;;car with flames;;2012;;
71 el camino;;grey dark;;;car with flames;;2009;;
pass 'n gasser;;pruple;;;car with flames;;2007;;
renault sport rs;;grey;;;Race car;;2015;;
dodge challenger drift car;;black and green;;;drift car;;2010;;
ford fucos rs;;red;;;Car;;2016;;
track manga;;whtie and blue;;;Car;;2017;;
cuastom '12 ford mustang;;blue;;;Car;;2011;;
buggatti chiron;;light blue;;;Hyper car;;2018;;
Aston Martin V8 Vantage;;green;;;Car;;2015;;
lamborghini venneno;;purple;;;Hyper car;;2013;;
lotus esprit;;white;;;Car;;2001;;
15 Jaguar f-type progect 7;;red;;;Car;;;;
Jaguar XE SV Project 8;;Grey;;;Race car;;2018;;
Slide Kick;;Purple ;;;Car;;2018;;
Surf 'N Turf;;Turkoise ;;;Car;;2016;;
Custom '69 Chevy ;;Kaki;;;Pickup truck;;2001;;
Tesla Model 3;;blue;;;Car;;2018;;
Datsun 620;;Red;;;Pickup truck;;2013;;
‘67 Camaro;;Orange / Brown;;;Car;;2016;;
‘73 Ford Falcon XB;;Green;;;Car;;2009;;
GRUPPO x24;;White;;;Race car;;2018;Good on track;
Crescendo;;Red;;;Car;;2016;;
Dune-A-Soar;;Green and blue;;;Car;;2017;;
1968 Mustang;;Green ;;;Muscle car;;2002;;
Porsche 917LH;;Light blue;;;Race car;;2017;;
BAZOOMKA;;Kaki;;;Airplane car;;2017;Treasure hunt ;
BMW M1;;Red;;;Car;;1982;;
Rip rod;;Black;;;Car;;2013;Treasure hunt ;
Crate racer;;Purple ;;;Car;;2015;Treasure hunt ;
Turbo turret;;Grey;;;race car with turret;;2013;;
Loop coupe;;Grey;;;Race car;;2012;;
Scoopa di Fuego;;Blue;;;Car;;2009;;
Dieselboy;;Red;;;Car;;2006;;
Mazda MX-5 Miata;;Blue;;;Race car;;2015;;
Bye Focal II;;Red and Blue;;;Car;;2018;;
Mad Manga;;Red;;;Car;;2011;;
HW40;;Green;;;Car;;2007;;
OFF Track;;Red;;;Sand dune car;;2018;;
Scoops di fuego;;Black;;;Race car;;2009;;
1970 Chevrolet chevelle SS;;Bronze;;;Drag car;;2012;;
Clear Speeder;;Pink;;;Car;;2014;;
Super volt;;yellow;;;Car;;2014;;
What - 4 - 2;;Blue;;;Car;;2004;;
‘17 Acura NSX;;Black;;;Car;;2015;;
Lotus Esprit;;Green;;;Car;;2014;;
Nissan Skyline H/T 2000GT-X;;Gold;;;Car;;2011;;
‘17 Ford Gt;;Orange ;;;Sports car;;2015;;
‘16 Lamborghini Centenario Roadster;;    Red;;;Sports car;;2018;;
Scoops di fuego;;Blue;;;Car;;2009;;
‘68 Copo camaro;;Purple;;;Car;;2010;;
Honda S2000;;Green;;;Race car;;2010;;
Escort Rally;;White;;;Rally car;;2015;;
Corvette C7 Z06 convertible ;;Gold;;;Cabrio;;2017;;
‘19 Chevrolet Corvette ZR1 convertible ;;Blue;;;Cabrio ;;2019;;
‘73 Pontiac Firebird;;Light blue;;;Car;;2011;;
High Voltage;;Orange red;;;Car;;2004;;
High Voltage;;Orange red;;;Car;;2004;;
Dieselboy;;White;;;Car;;2006;;
1970 Chevrolet Chevrolet SS;;Light blue;;;Muscle car;;2012;;
track star;;Blue;;;Track star;;2005;;
12 corvette Z06;;yellow;;;Car;;2012;5 pk;
69 camaro;;blue;;;Muscle car;;2007;von fast and furious 5 pack;
Nissan Skyline Gt-r r34;;grey;;;drift car;;2009;von fast and furious 5 pack;
70 monte carlo;;beij, grey, silver;;;Muscle car;;2019;von fast and furious 5 pack;
Porsche 911 GT3 CUP;;blue;;;quick car;;1998;von fast and furious 5 pack;
67 custom mustang;;green;;;Muscle car;;1998;von fast and furious 5 pack;
duck n' roll;;yellow;;;street beast;;2019;;
2010 ford mustang gt;;red;;;muscle/drift car;;2013;5 pk;
10 camaro ss;;blue;;;security car;;2009;5 pk;
BMW 2002;;schwarz;;;Car;;2011;5 pk;
71 datsun 510;;grey;;;Car;;2009;5 pk;
rodger dodger ;;black;;;Muscle car;;1970;;
moto wing;;red matt;;;motorcycle on 4 wheels;;2018;;
Honda monkey Z50;;white and metal;;;Motorcycle;;2016;;
Subaru Impreza 22B STI-Version;;blue;;;Car;;2019;;
Subaru Impreza 22B STI-Version;;red;;;Car;;2019;;
night shifter;;black;;;car/muscle car;;2015;;
84 audi sport;;red;;;Car;;2018;;
i-believe;;red and black;;;street beast;;2018;;
loco motorin;;blue;;;train;;2019;thomas the train;track star
porsche 917lh;;blue;;;Race car;;2017;;
porsche 356 outlaw;;grey;;;Old car;;2015;;
circle tracker;;red;;;indy racer;;2008;;
formula flashback;;yellow;;;f1 car;;2016;;
poison arrow;;blue and yellow;;;Airplane ;;2017;;
2jetz;;blue;;;legends tour winner;;2019;;
2jetz;;grey;;;legends tour winner;;2019;;
ford gt-40;;light blue;;;Race car;;1999;;
erkenstein rod;;matt blue;;;truck car;;2019;;
92 ford mustang;;matt beije;;;art car;;2007;;
formula e gen 2;;purple;;;formula e car;;2019;;
roborace robocar;;red;;;formula car;;2018;;
65 Mustang Fastback;;gulf colors;;;Muscle car;;2007;;
86 Monte Carlo SS;;white;;;Car;;2010;;
Audi RS Coupé;;blue;;;Car;;2018;;
Nissan 300ZX TT;;white;;;police;;2018;;
Big-Air Bel-Air;;white;;;small truck;;2019;;
2005 Ford Mustang;;yellow;;;Car;;2015;;
Tanknator;;red and green;;;tank;;2015;;
Haul-o-Gram;;yellow and black;;;truck;;2018;;
Alpine A110;;silver;;;Car;;2018;;
69 Camaro;;green;;;cabrio;;2006;;
70 Ford Escort Rs1600;;orange;;;Car;;2014;;
69 Ford Mustang Boss 302;;black;;;Muscle car;;2019;;
Mattel Dream mobile;;red;;;future car;;2019;;
71 Datsun 510 wagon;;black;;;Wagon;;2012;;
68 Nova;;camo green;;;Car;;2008;;
2018 Bentley Continental GT3;;green;;;Race car;;2020;;
Pedal de Metal;;purple;;;future car;;2009;;
2018 Ford Mustang GT;;black;;;Car;;2017;;
grand cross;;blue;;;SUV;;2019;track star;
croc rod;;green;;;crocodile;;2008;;
2 Tuff ;;blue;;;coast guard Pickup truck;;2018;;
Mazda Rx-7;;green;;;Car;;2015;;
Shelby cobra 427 S/C;;black;;;convertible;;2019;;
49 Volkswagen Beetle Pickup truck;;yellow;;;Pickup truck truck;;2018;;
cloak and dagger;;black;;;skeleton car;;2007;;
Hw Warp Speeder;;blue;;;car/cabrio;;2019;track star;
95 Mazda Rx-7;;blue;;;Car;;2017;;
Indy 500 Oval;;light blue/turqoise;;;f1 car;;2011;;
Baja Truck;;blue;;;Sand dune car;;2019;;
Hot Wheels Ford Transit Connect;;orange;;;ambulance;;2019;;
BMW K 1300 R;;black and grey;;;Motorcycle;;2013;;
42 Willys MB;;white;;;sand dune drag car;;2019;;
Twinduction;;black;;;Car;;2010;track star;
T-Rextroyer;;gold;;;t-rex;;2010;;
80 Chevy El Camino;;red;;;low Pickup truck;;2007;;
1991 GMC Syclone;;black;;;Pickup truck;;2019;;
Custom small Block;;red;;;brick car;;2020;you can move window and motor;
TV series Batmobile;;black;;;Car;;2007;;
89 Porsche 944 Turbo;;grey;;;Old car;;2019;;
The Gov'Ner;;white;;;Car;;2003;track star;
1996 Porsche Carrera;;white;;;Old car;;2018;;
Speedbox;;blue;;;Van;;2012;track star;
Fig Rig;;purple;;;Pickup truck;;2020;track star;
HW50 Concept;;purple;;;race car low rider;;2018;track star;
HW 40;;red;;;Car;;2007;track star;
Batman: Arkham Knight Batmobile;;brown red;;;Car;;2015;;
The Nash;;light blue/turqoise;;;Car;;2020;;
2020 Jaguar F-type;;blue;;;Car;;2020;;
Rockin' Santa Sled;;white;;;sleigh;;2019;;
1970 Chevelle SS;;red;;;Muscle car;;1998;;
Triumph TR6;;green;;;cabrio;;2009;;
2020 Keonigsegg Jesko;;silver;;;Hyper car;;2020;;
Land Rover Defender 90;;red;;;SUV;;2019;;
Chill mill;;white;;;milk truck;;2015;;
Geoterra;;yellow;;;SUV;;2019;;
70 Dodge Power Wagon;;light blue;;;big Pickup truck truck;;2010;;
Hyper Rocker;;red;;;truck;;2018;;
HW450F;;red and black;;;Motorcycle;;2007;;
Custom Cadillac Fleetwood;;blue and black;;;old luxury car;;2012;;
20 Ford Shelby GT500;;blue;;;Muscle car;;2020;;
Porsche 911 Gt3 RS;;black and gold;;;Hyper car;;2018;;
Donut Drifter;;brown and pink;;;donut;;2019;;
Veloci-Racer;;beij ;;;dinosaur;;2019;track star;
forward force;;red;;;SUV/car;;2019;track star;
rodger dodger 2.0;;red;;;Muscle car;;2018;;
Pixel shaker;;red;;;pixel car;;2019;;
Bone Shaker;;red matt;;;Car;;2006;;
ratical racer;;red;;;Car;;2012;;
64 Chevy Nova Gasser;;red;;;Wagon;;2018;;
2020 Jeep Gladiator;;red;;;Pickup truck;;2019;;
Manga Tuner;;red;;;Car;;2019;;
El Viento;;red;;;Car;;2016;;
Dodge Viper SRT10 ACR;;red;;;Race car;;2019;;
Mclaren P1;;black/grey;;;Hyper car;;2014;;
Head Starter;;black;;;formula car;;2016;;
Nissan Silvia (s13);;blue;;;Car;;2019;;
2019 mercedes-Benz A-Class;;grey matt;;;Car;;2018;;
49 Merc;;red;;;Old car;;2003;;
19 Kia Stinger GT;;light grey;;;Car;;2019;;
19 Kia Stinger GT;;red;;;Car;;2019;;
91 Mazda MX-5 Miata;;yellow;;;cabrio;;2018;;
1991 GMC Syclone ;;blue;;;Pickup truck truck;;2019;;
see me rollin';;light blue;;;dice roller;;2020;;
89 Mazda Savanna RX-7 FC3S;;red;;;Car;;2019;;
Mclaren 720S;;grey;;;Hyper car;;2017;;
Toyota 2000GT;;white;;;olympic car;;2011;;
Bone Shaker;;orange/ bronze;;;Car;;2005;;
10 Chevy Impala;;blue;;;nascar;;2010;;
Kick Kart;;blue;;;golf kart (kind of);;2017;;
Octane;;red;;;octane rocket league;;2018;;
Toyota AE86 Sprinter Trueno;;black and white;;;drift car;;2020;;
Toyota AE86 Sprinter Trueno;;blue green;;;drift car;;2020;;
2018 Honda Civic Type R;;black;;;Car;;2018;;
16 Bugatti Chiron;;black;;;Hyper car;;2018;;
Cable (Marvel);;yellow and blue;;;character car;;2017;;
Symbolic;;green;;;Car;;-;;
dodge challenger drift car;;green and black;;;Muscle car;;2010;from fast and furious set (no rubber tires);
Duel fueler;;green and black;;;fantasy car;;2015;;
1956 Powell Sport Pickup truck ;;yellow;;;Pickup truck truck;;2019;Matchbox;
Nissan Skyline GT-r r34;;silver;;;Car;;2009;;
Nissan 300ZX TT;;blue;;;JDM car;;2018;;
Voltage spike;;blue;;;Car;;2015;;
Custom '01 Acura Integra GSR;;purple;;;JDM car;;2015;;
HW pursuit;;red;;;Car;;2012;;
Corvette Grand Sport Roadster;;light blue;;;Car;;2018;;
Speed Trapper;;orange;;;trailer;;2016;matchbox;
Ice Charger;;grey;;;Car;;2017;;
Blitzspeeder;;yellow;;;xraycer;;2015;;
71 Plymouth GTX;;black;;;Muscle car;;2011;;
Corvette Grand Sport Roadster;;silver;;;Car;;2014;from fast and furious set (no rubber tires);
2019 Audi R8 Spyder;;white;;;Car;;2019;;
Mod rod;;black;;;Car;;2019;;
Alpha Pursuit;;grey;;;police;;2019;;
Aston Martin One-77;;red;;;Car;;2011;;
2008 Lancer Evolution;;black;;;Car;;2008;;
Muscle Bound;;black;;;Car;;2018;;
Twin Mill Gen-E;;red;;;Car;;2018;;
BMW Z4 M;;white;;;Race car;;2019;;
Deora III;;turqouise;;;cabrio;;2018;;
Corvette C7 Z06  ;;white;;;Car;;2016;;
Ford Group 6;;light green;;;Race car;;1969;Matchbox Series #45 (Superfast);
8 Crate;;white;;;station wagon;;2002;;
Tooligan;;purple;;;experimotors;;2009;;
HI-Tech Missile;;red;;;Car;;2013;;
Maserati Bora;;purple/pink;;;Car;;1972;Matchbox Series #32 (Superfast);
Range Rover Velar;;red;;;SUV;;2016;;
Lindster Prototype;;red;;;future car;;2019;;
Datsun 260 Z 2+2;;purple/pink;;;Car;;1978;Matchbox Series #67 (Superfast);
Greenwood Corvette;;gold;;;Race car;;2012;;
Teegray;;blue;;;Car;;2010;;
Rip rod;;red;;;Car;;2013;;
69 Dodge Charger 500;;purple;;;Muscle car;;2014;;
Aisle Driver;;silver;;;shopping cart;;2016;;
2011 Camaro;;red;;;fire car;;2010;;
BMW 328;;white;;;police;;1999;matchbox;
Oldsmobile Vista Cruiser;;green;;;station wagon;;-;matchbox;
Clipper;;purple/pink;;;Car;;1973;matchbox Series #39 (Superfast);
Batmobile;;shiny grey;;;tv car;;2018;;
Aston Martin Vulcan;;white;;;Hyper car;;2018;;
Mclaren Senna;;white;;;Hyper car;;2018;;
Mercedes 350SL;;orange;;;Old car;;1976;Matchbox Series #6 (Superfast);
LB-Works Lamborghini Huracan coupe;;grey;;;Hyper car;;2020;;
Corvette C7 Z06 convertible ;;Black;;;convertible;;2017;;
89 Mazda Savanna RX-7 FC3S;;white;;;JDM car;;2019;;
The skate Grom;;light blue;;;skate board;;2013;;
1991 GMC Syclone ;;red;;;Pickup truck truck;;2019;real rider;
Mustang Funny Car;;grey;;;Drag car;;2020;th;
Fleet Flyer;;green;falken;;truck;;2017;real rider;team transport
Mercedes Benz 190E 2.5-16;;green;falken;;Race car;;2016;real rider;
95 Mazda Rx-7;;red;;;JDM car;;2018;real rider;
Lamborghini Aventador Coupe;;silver;;;Hyper car;;2011;real rider;
Nissan GTR;;shiny purple;;;JDM car;;-;majorette;
Nissan GTR;;matt purple;;;JDM car;;-;majorette;
Ford Fiesta WRC;;blue;;;Rally car;;-;majorette;
Mercedes Benz 500E;;red;;;convertible;;2020;I cut off the roof (custom);
67 Ford Mustang GT;;purple;;;Muscle car;;2010;;
2018 Honda Civic Type R;;dark grey;;;JDM car;;2018;;
Subaru BRAT;;blue;;;truck;;2012;;
2018 Bentley Continental GT3;;green;;;Race car;;2020;;
Lamborghini Sesto Elemento;;yellow;;;Hyper car;;2013;;
Tour de Fast;;beige;;;car with bicycles;;2016;;
Lotus Europe special - 1972 ;;yellow;;;Old car;;2008;;
98 Honda Prelude;;yellow;;;JDM car;;2019;;
21 Ford Bronco;;blue;;;SUV;;2020;;
17 Ford F-150 Raptor;;grey;;;Pickup truck truck;;2015;;
GT Hunter;;blue;;;Race car;;2014;error car;
2002 Nissan Skyline GTR R34;;silver;;;JDM car;;-;not 1/64;
2020 Koenigsegg Jesko;;white;;;Hyper car;;2020;;
2017 Camaro ZL1;;dark blue;;;Muscle car;;2016;;
2013 Viper ;;dark blue;;;Muscle car;;2016;;
13 Ford mustang GT;;black;;;Drag car;;2012;;
Honda Civic SI;;light blue;;;Car;;2000;;
Porsche 993 GT2;;red;;;Car;;-;;
Flintmobile;;orange;;;stone age car;;-;;
Nissan leaf nismo RC_02;;grey;;;Race car;;2020;;
Big Bannana car;;yellow;;;banana;;2019;matchbox;
Audacious ;;orange/ brown;;;Car;;2002;;
89 Porsche 944 Turbo;;Blue;;;Old car;;2019;;
69 copo camaro;;Falken/ blue;;;Muscle car;;2019;;
67 Jeepster commando;;black;;;Pickup truck truck;;2018;;
Porsche Taycan Turbo S;;red;;;electric;;2020;;
17 Nissan GTR (R35);;yellow;;;JDM car;;2016;;
2015 Mazda MX-5 Miata;;red;;;JDM car;;2015;;
Rockstar;;red;;;SUV;;2003;;
Aston Martin Vulcan;;orange/red;;;Hyper car;;2018;;
Custom '18 Ford Mustang GT;;dark grey;;;drift car;;2018;;
Quad Rod;;yellow;;;quad;;2016;;
2020 Konigsegg Jesko;;dark grey;;;Hyper car;;2020;;
20 Toyota GR Supra;;white;;;JDM car;;2020;;
Renault sport RS;;white;;;Race car;;2015;;
Maximum Leeway;;white;;;race/drag car;;2012;;
Super Stinger;;glow in the dark;;;spooky car;;2009;;
Subaru Sambar;;black;;;mini truck;;2018;matchbox;
Mazda Mx-5 Miata;;black;;;cabrio;;2015;matchbox;
Audacious ;;red;;;Car;;2002;;
1985 Honda CR-X;;black;;;JDM car;;2015;;
Geoterra;;red;;;SUV;;2019;;
Disney steamboat;;white;;;boat;;2020;;
Jaguar XE SV Project 8;;purple;;;Car;;2018;;
Triumph TR6;;red;;;Old car;;2009;;
12 Ford Fiesta;;grey;;;drift car;;2011;;
Dune Crusher;;white;;;SUV/sand car;;2013;;
2018 Camaro SS;;orange bronze;;;Muscle car;;2017;53 series;
Jaguar XE SV Project 8;;black;;;Car;;2018;;
Lancia Delta Integrale;;black;;;Rally car;;2020;;
cosmic coupe;;green and white;;;track stars car;;2020;;
Mitsubishi 3000GT;;black;;;JDM car;;2021;matchbox;
1967 Ford GT40 Mk.IV;;red;;;Old race car;;2020;;
1967 Ford GT40 Mk.IV;;yellow;;;Old race car;;2020;;
Porsche 911 GT3-2007;;red;;;sports car;;2007;matchbox;
68 Mercury Cougar;;green;;;Muscle car;;2013;;
Scion xB;;yellow;;;mini Stationwagon;;2004;;
Indy 500 Oval;;blue;;;f1 car;;2011;;
Car-de-Asada;;beige;;;taco;;2020;;
Porsche 914 Safari;;yellow;;;desert car/safari;;2020;;
Twin Mill    ;;dark blue;;;Car;;2018;;
85 Chevrolet Camaro Iroc-Z;;red;;;Car;;2011;;
98 Honda Prelude;;dark blue;;;JDM car;;2019;;
2016 Honda Civic Type-R;;orange/red;;;JDM car;;2016;;
Formula E Gen 2;;black;;;formula car;;2019;;
Subaru WRX STI;;white;;;Car;;2011;;
Subaru WRX STI;;yellow;;;Car;;2011;;
Ford GT-40;;white;;;Race car;;2019;;
Rodger-Dodger;;black;;;Muscle car;;2018;;
Jaguar XE SV Project 8;;red;;;Car;;2018;;
Minecart ;;yellow;;;minecart;;2015;;
1956 Aston Martin;;green;;;Old car;;2019;matchbox;
Muscle Bound;;purple;;;Muscle car;;2018;;
Subaru SVX;;red;;;JDM car;;2018;matchbox;
Mazda RX-3;;white;;;JDM car;;2015;;
17 Nissan GTR (R35);;grey;;;JDM car;;2016;;
Roborace Robocar;;black, white, turqoise;;;Car;;2018;;
LB-Silhouette Works GT Nissan 35GT -RR Ver. 2;;;blue;;JDM car;;2020;;
Porsche 934;;light blue;;;Old car;;-;majorette;
64 Corvette Stingray;;white;;;Car;;2007;;
2018 Bugatti Divo;;dark grey;;;Hyper car;;2019;matchbox;
Lotus Exige - 2006;;dark green;;;Car;;2006;matchbox;
Nissan Skyline 2000 GT-R;;yellow;;;JDM car;;2011;;
68 Shelby Gt500;;purple;;;Muscle car;;2012;;
Corvette C8.R;;grey;;;Race car;;2020;;
70 Challenger ;;orange/bronze;;;Muscle car;;2006;53 series;
Muscle and Blown;;blue grey;;;Muscle car;;2020;;
98 Subaru Impreza 22B STI- Version;;dark blue;;;JDM car;;2019;;
Fairlady 2000;;light blue;;;JDM car;;2016;;
68 Dodge Dart;;black;;;Muscle car;;2010;50 series;
21 Ford Bronco;;blue grey;;;SUV;;2020;;
Nissan R390 GT1;;white;;;Car;;2020;;
Range Rover Classic;;red;;;SUV;;2021;;
1995 Nissan Hardbody (D21);;white;;;Pickup truck truck;;2019;;
Custom Ford Bronco;;red;;;SUV;;2007;;
20 Toyota Tacoma;;blue;;;Pickup truck truck;;2021;;
Mighty K;;white;;;small Pickup truck;;2021;;
LB-Silhouette Works GT Nissan 35GT -RR Ver. 2;;;red;;JDM car;;2020;;
Honda S2000;;yellow;;;JDM car;;2010;;
Toyota AE86 Sprinter;;white;;;JDM car;;2020;;
Custom '01 Acura Integra GSR;;dark green;;;JDM;;2015;;
Subaru WRX STI;;dark blue/black;;;JDM car;;2021;;
19 Chevrolet Silverado Trail Boss LT.;;black;;;Pickup truck truck;;2017;;
91 Mazda MX-5 Miata;;white;;;JDM;;2018;;
69 COPO Corvette;;blue;;;Race car;;2010;;
Mazda REPU;;orange;;;Pickup truck;;2016;;
LB Super Silhouette Nissan Silvia (S15);;white;;;JDM car + body kit;;2021;;
Toyota AE86 Sprinter Trueno;;red;;;JDM car;;2020;;
BMW M3 GT2;;red;;;Race car;;2011;;
15 Land Rover Defender Double Cab;;black;;;Truck;;2017;;
Nissan Skyline 2000 GT-R;;grey;;;JDM car;;2011;;
63 Studebaker;;black;;;Pickup truck truck;;2021;;
Ford Mustang Mach-E 1400;;white;;;SUV-e;;2021;;
Tesla Cybertruck ;;metal;;;SUV-e;;2020;;
La Troca;;gold;;;Pickup truck;;2020;;
Formula Solar;;yellow;;;Car;;2015;;
Volvo 850 Estate;;red;;;station wagon;;2019;;
Track Ripper;;green;;;Race car;;2017;;
Monteracer;;blue purple;;;Race car;;2015;;
Growler;;red;;;dog ;;2011;;
Exotique;;orange;;;Car;;2017;;
Speed Spider;;blue;;;spider;;2015;;
Lotus Esprit S1 ;;blue;;;Car;;2014;;
HW Warp Speeder ;;glow in dark;;;track stars car;;2019;;
32 Ford;;red;;;Hot Rod;;1997;;
Electro Silhouette;;purple;;;electric;;2018;;
Mach Speeder ;;black;;;Race car;;2017;;
Sling shot;;dark blue ;;;Car;;2001;;
Cyber speeder;;blue;;;Car;;2017;;
Carbide;;red;;;Race car;;2014;;
Formul8r;;black;;;Race car;;2005;;
Bedlam;;green;;;Pickup truck;;2003;;
Rev Rod;;purple;;;Car;;2014;;
2012 Volkswagen Beetle;;light blue;;;Car;;2012;;
Zombot;;red;;;robot;;2017;;
2020 Corvette ;;blue;;;Car;;2019;;
70 Chevelle SS Wagon;;blue;;;station wagon;;2008;;
BOT Wheels;;gold;;;rover for moon or mars;;2018;;
Night Burner;;orange;;;halloween car;;2016;;
Time Tracker;;black;;;Race car;;2012;;
Loopster;;lime green;;;rollercoaster;;2014;;
2018 Bentley Continental GT3;;white;;;Race car;;2020;;
Buns of Steel;;red;;;burger and fries;;2018;;
Turtoshell;;brown;;;turtle;;2020;;
Ford GT-40;;black;;;Race car;;1999;;
Mars Perseverance Rover;;white;;;rover for moon or mars;;2012;;
speed dozer;;grey;;;excavator;;2013;;
Toyota Land Cruiser;;blue;;;Pickup truck truck;;2020;;
1963 Honda T360 MB 1252;;light blue;;;Pickup truck;;2020;matchbox;
Loco Motorin;;see through;;;train;;2019;;
Mclaren F1 GTR;;turqouise;;;Race car;;2017;;
The Mystery Machine;;turqouise;;;scooby doo van;;2012;;
Raijin Express;;chrome;;;japanese truck;;2020;;
Loopster;;red;;;rollercoaster;;2014;;
Loopster;;pink;;;rollercoaster;;2014;;
Impavido;;green;;;Car;;2015;;
69 Ford Torino Talladega;;orange;;;Muscle car;;2008;;
Volkswagen Beetle;;white;;;VW Bug;;1988;;
GT-Scorcher;;red;;;Race car;;2020;;
2020 Ram 1500 Rebel;;blue;;;Pickup truck truck;;2019;;
V8 Bomber;;silver;;;Monster truck;;2020;;
Mercedes benz Unimog;;orange;;;Monster truck;;2021;;
Ducati Scrambler;;black;;;Motorcycle;;2021;;
Caged Cargo;;green;;;truck with trailer;;2013;;
2018 Camaro SS ;;green camo;;;Muscle car;;2017;;
Ford Focus RS;;light blue;;;Car;;2016;;
70 Toyota Celica;;blue green;;;JDM;;2012;;
A'int Fare;;green;;;bus;;2020;;
McLaren Speedtail;;orange;;;Hyper car;;2019;;
88 Honda CRX;;black;;;JDM car;;2018;;
Aston Martin Vulcan;;blue;;;Hyper car;;2018;;
2011 MINI Cooper Countryman;;green;;;mini;;2018;matchbox;
2007 Audi R8;;light blue;;;Car;;2019;;
2008 Tesla Roadster;;red;;;e-car;;2008;;
Nissan Skyline H/T 2000GT-X;;blue;;;JDM car;;2011;;
71 Maverick Grabber ;;purple;;;Muscle car;;2009;;
71 Plymouth road runner;;blue;;;Muscle car;;2021;;
Land rover Defender 90;;red;;;SUV;;2019;;
HW Warp Speeder ;;glow in dark;;;track stars car;;2019;;
Porsche Cayenne Turbo S;;orange;;;SUV;;-;majorette opening trunk;
65 Ford Ranchero;;white;;;Pickup truck  ;;2010;;
59 Chevy Impala;;pink;;;lowrider;;2012;;
ZOTIC;;pink;;;Car;;2002;;
Growler;;red;;;wolf;;2011;;
GT Hunter;;green;;;Race car;;2014;;
MBX Auto Transport;;orange;;;autotransporter with trailer;;2019;matchbox;
Track Hammer;;blue;;;Car;;2016;;
Landspeeder;;brown;;;starwars landspeeder;;2020;;
Mitsubishi Evo;;lime green;;;Car;;2003;;
Lamborghini Sesto Elemento;;baby blue;;;Hyper car;;2013;;
Lancia Delta Integrale;;white;;;Rally car;;2020;;
20 Ford Shelby GT500;;yellow;;;Muscle car;;2020;;
Nissan 370Z;;black;;;JDM ;;2009;;
2011 MINI Cooper Countryman;;grey;;;MINI;;2018;matchbox;
61 Impala;;red;;;lowrider;;2011;;
2013 Viper;;purple;;;Muscle car;;2012;;
55 Chevy ;;purple/pink;;;Car;;2006;;
Mercedes benz Unimog U300-2006;;blue turqouise;;;Pickup truck truck;;2006;matchbox;
19 Pagani Huayra Roadster;;dark blue;;;Hyper car;;2020;matchbox;
Formula E Gen 2;;gold;;;Formula car;;2019;;
Rocket Oil Special;;purple;;;Old car;;2020;;
Lamborghini Gallardo LP 560-4;;red;;;Hyper car;;2010;;
Lamborghini Gallardo LP 560-4 polizia;;white;;;police Hyper car;;2012;;
Toyota off-road Truck;;orange;;;rally truck;;2015;;
Land rover Defender 90;;red;;;SUV;;2019;;
Trak Tune;;grey;;;colorshifter;;2003;;
85 Camaro Iroc-z;;green yellow;;;Car;;2011;;
Monteracer;;light blue;;;Race car;;2015;;
Lethal Diesel;;red brown;;;track stars car;;2020;;
Porsche 911 GT2;;white;;;Race car;;2010;;
International Durastar Flatbed;;white;;;car hauler;;2008;matchbox;
16 Lamborghini Centenario roadster;;white;;;Hyper car;;2018;;
Ford GT-40;;blue;;;Race car;;1999;;
Track Ripper;;green;;;Race car;;2017;;
Lindster Prototype;;glow in dark;;;Car;;2019;;
98 Subaru Impreza 22B STI- Version;;black blue;;;JDM ;;2019;;
Scion FR-S;;pink;;;JDM;;2013;;
Draftnator;;orange;;;track stars car;;2020;;
Corvette C8.R;;yellow;;;Race car;;2020;;
19 Chevrolet Corvette ZR1 Convertible;;orange;;;cabrio;;2019;;
67 Camaro;;white;;;Muscle car;;2016;;
Power Pro;;orange;;;Race car;;2001;;
90 Acura NSX;;red;;;JDM;;2014;;
Porsche 934 Turbo RSR;;white matt;;;Old car;;2014;;
Cyber speeder;;green;;;cyber car;;2017;;
Subaru Sambar Truck;;white;;;Pickup truck;;2018;matchbox;
Vokswagen Golf;;green;;;Car;;1989;;
Aston Martin Vantage GT3;;red;;;Race car;;2014;;
Cyber speeder;;blue;;;cyber car;;2017;;
Midnight Otto;;black;;;Hot Rod;;2001;;
P-Wing;;white;;;mario kart car;;2019;;
Custom '70 Honda N600;;beige;;;Car;;2020;;
Bone Shaker;;black;;;Hot Rod;;2005;;
Mclaren P1;;turqouise;;;Hyper car;;2016;;
Mercedes Benz Actros;;blue;;;truck with trailer;;2020;;
Ford Shelby GT350R;;white;;;Muscle car;;2015;;
18 Land Rover Vogue SE;;white;;;SUV;;2017;matchbox;
Time Tracker;;black;;;Race car;;2012;;
Nissan R390 GT1;;blue;;;Car;;2020;;
Sharkruiser;;green;;;shark;;1986;;
Batmobile;;black;;;batman car;;2020;;
17 Acura NSX;;white;;;Car;;2015;;
Pharodox;;blue;;;Car;;2014;;
Land rover Defender 90;;blue;;;SUV;;2019;;
80 Mercedes - Benz W123;;blue;;;station wagon;;2018;matchbox;
Monoposto;;purple;;;Race car;;2000;;
Porsche Panamera - 2010;;blue black;;;Car;;2017;matchbox;
Driftsta;;orange;;;Car;;2014;;
Nissan 350z;;grey;;;JDM car;;2005;;
72 Ford Fran Torino Sport;;green;;;Muscle car;;2010;;
Volkswagen Kool Kombi;;grey;;;Van;;2012;;
17 Acura NSX;;red;;;Car;;2012;;
Bedlam;;green;;;Pickup truck;;2003;;
Mercedes - Benz 300 SL;;grey;;;Car;;2019;;
Track Ripper;;orange;;;Race car;;2017;;
Erikenstein Rod;;light blue;;;Hot Rod;;2019;;
Polaris RZR ;;black;;;dune buggy;;2019;matchbox;
Plymouth Barracuda;;red;;;Muscle car;;1969;;
Polaris Slingshot;;blue;;;3 wheel car;;2018;matchbox;
Corvette Grand Sport;;blue;;;Car;;2018;;
17 Audi Rs 6 Avant;;white matt;;;station wagon;;2017;;
Rigor Motor;;black;;;car with coffin;;1994;;
Rigor Motor;;black;;;car with coffin;;1994;;
Porsche 918 Spyder;;green;;;Hyper car;;2017;;
Aston Martin One-77;;yellow;;;safety car;;2011;;
09 Ford Focus RS;;bronze;;;rally car;;2010;;
1999 Porsche Carrera;;white;;;Old car;;2018;;
Growler;;red;;;wolf;;2011;;
MR11;;turqouise;;;soccer car;;2013;;
Monteracer;;light blue;;;Race car;;2015;;
Bone Shaker;;blue;;;Hot Rod;;2006;;
Formul8r;;black;;;Race car;;2005;;
67 Camaro;;gold;;;Muscle car;;2016;;
Suzuki Jimny;;green;;;SUV;;2021;majorette;
Lamborghini Urus;;gold;;;SUV;;2021;majorette;
Volkswagen Golf ;;brown;;;Car;;2021;majorette;
Ford F-150 Raptor;;white;;;Pickup truck truck;;2021;majorette;
Ford F-150 Raptor;;metal;;;Pickup truck truck;;2021;majorette;
Toyota Hiace;;red;;;Van;;2021;majorette;
Lamborghini Urus;;dark grey;;;SUV;;2021;majorette;
Lamborghini Urus;;gold;;;SUV;;2021;majorette;
Toyota Gt86;;blue;;;JDM car;;2021;majorette;
Dodge Charger R/T;;orange;;;Muscle car;;2021;majorette;
Aston martin valhalla concept;;grey;;;concept car;;2021;;
16 Cadillac ATS-V R;;red;;;Race car;;2017;;
87 Dodge D100;;orange;;;Pickup truck truck;;2018;;
F-150 SVT Lightning ;;red;;;Pickup truck;;2020;;
2020 Tesla Roadster;;red matt;;;Car;;2020;;
Custom '70 Honda N600;;teal;;;Car;;2020;;
57 Chevy;;gold;;;Old car;;2018;;
17 Ford GT;;black;;;Race car;;2015;;
Alfa Romeo 8C Competizione;;red;;;Car;;2013;;
Custom '70 Honda N600;;white;;;small car;;2020;;
98 Honda prelude;;red;;;JDM car;;2019;;
Mighty K;;Pink;;;Pickup truck ;;2021;;
Mclaren P1;;grey;;;Old car;;2020;;
70 Toyota Celica;;red;;;JDM car;;2012;;
62 Nissan Skyline R30 ;;blue;;;JDM car;;2017;;
F1 Racer;;red;;;Formula car;;;;
Fast Fish;;blue;;;track stars car;;;;
Gyrosphere;;blue;;;ball;;2017;matchbox;
Ford Focus RS;;orange;;;Car;;2016;;
Nissan Skyline 2000 GT-R;;light blue;;;JDM;;2021;;
87 Ford Sierra Cosworth;;black;;;rally car;;2021;;
1986 Toyota Van;;red;;;Van;;2021;;
Audi RS e-tron GT;;grey;;;Car;;2021;;
"Volkswagen ""Baja Bug""";;turqouise;;;sand buggy;;2021;;
2020 Jeep Gladiator;;white;;;Pickup truck truck;;2019;;
Lamborghini Huracan Coupé;;white;;;Hyper car;;2020;;
PPC.ARR ;;grey;;;space ship from star trek;;2013;;
Mach it go;;blue;;;track stars car;;2021;;
1970 Chevrolet Chevelle SS;;maroon;;;Muscle car;;2012;;
19 Ford Ranger Raptor;;green;;;Pickup truck truck;;2018;;
17 Ford GT;;blue;;;Car;;2015;;
Ford Falcon Race ;;grey;;;Race car;;2011;;
Ford Mustang Mach-E 1400;;white;;;SUV ;;2021;;
Exotique;;purple;;;Car;;2017;;
Veloci-Racer;;red;;;dinosaur;;2019;;
Subaru WRX STI;;red;;;JDM;;2021;;
Toon'd '83 Chevy Silverado;;blue;;;small Pickup truck;;2021;;
Haulin' Class;;yellow;;;transporter;;2021;;
Custom Volkswagen hauler;;brown;;;caravan;;2015;;
Lucid air;;silver;;;Car;;2021;;
20 Toyota Tacoma;;blue;;;Pickup truck truck;;2021;;
Nissan Skyline 2000 GT-R;;grey;;;JDM car;;2011;;
Humvee;;orange;;;hummer;;2014;;
70 chevy camaro rs;;blue;;;Muscle car;;2020;;
Rennen rig;;orange;;;truck cabin;;2010;;
Lolux;;red;;;race Pickup truck;;2021;;
12 Ford Fiesta;;blue;;;drift car;;2011;;
67 Ford Gt40 Mk. IV;;light blue;;;Race car;;2020;;
Shelby cobra 427 S/C;;red;;;Old car;;2019;;
Toyota Land Cruiser 80;;beige;;;SUV;;2020;;
Mad manga;;blue;;;Car;;2011;;
Glory Chaser;;green;;;Old car;;2021;;
94 Audi Avant Rs2;;grey;;;station wagon;;2020;;
K.I.T.T. Super Pursuit Mode;;black;;;film car;;2013;;
99 Honda Civic type R;;yellow;;;JDM car;;2020;;
Nissan leaf nismo RC_02;;red;;;Race car;;2020;;
68 Plymouth barracuda formula S;;green;;;Muscle car;;2012;;
71 Dodge Charger;;dark grey;;;Muscle car;;2009;;
15 Challenger SRT;;blue;;;Muscle car;;2015;;
Volvo 240 Drift Wagon;;maroon;;;drift car;;2022;;
Donut Drifter;;yellow;;;donut;;2019;;
Altered ego;;blue;;;drag car;;2012;;
Lancia Delta Integrale;;dark green;;;rally car;;2020;;
84 Mustang SVO;;purple;;;Muscle car;;2011;;
68 Mercury Cougar;;light blue;;;Muscle car;;2013;;
Shelby cobra 427 S/C;;yellow;;;Old car;;2019;;
Lotus Evija;;green;;;Hyper car;;2021;;
Volvo 850 Estate;;black;;;Wagon;;2019;;
Corvette C6R;;blue;;;Race car;;2021;;
TV Series Batmobile;;yellow;;;tv series car;;2021;;
Pininfarina battista;;blue;;;Hyper car;;2021;;
1991 GMC Syclone;;black;;;Pickup truck;;2019;;
Duck N' Roll;;yellow;;;duck;;2019;;
Dodge Rampage;;black;;;Pickup truck;;2020;;
99 Honda Civic type R;;white;;;JDM car;;2020;;
49 Ford F1;;purple;;;Pickup truck;;2012;;
Nissan Maxima Drift car;;beige;;;drift car;;2021;;
Chevelle SS Express;;black;;;Muscle car;;2007;;
95 Mazda RX-7;;silver;;;JDM car;;2017;;
Toyota Supra;;red;;;JDM car;;2012;;
94 Audi Avant Rs2;;black;;;station wagon;;2020;;
64 Chevy Nova Wagon;;orange;;;station wagon;;2012;;
Mad manga;;lime green;;;Car;;2011;;
70s Van;;white;;;Van;;1974;;
Honda s2000;;yellow;;;JDM car;;2019;;
Mercedes-Benz 500E;;silver;;;Car;;2020;;
Custom Ford Maverick;;black;;;Muscle car;;2017;;
El Camino;;red;;;Muscle car;;2012;;
2016 Ford GT Race;;silver;;;Race car;;2016;;
15 Mercedes-Benz G-Class;;blue;;;SUV;;2018;matchbox;
1978 Dodge LI'L Red express truck;;blue;;;Pickup truck;;2018;;
Porsche 935;;blue;;;Old car;;2020;;
Veloci-Racer;;turqouise;;;dinosaur;;2019;;
LB-Silhouette works gt Nissan 35GT-RR Ver2;;red;;;JDM car;;2020;;
20 Toyota GR Supra;;yellow;;;JDM car;;2020;;
15 Jaguar F-Type coupe;;light blue;;;Car;;2015;matchbox;
Jaguar XE SV Project 8;;orange;;;Race car;;2018;;
2009 Ford F-150;;blue;;;Pickup truck truck;;2008;;
Sand burner;;black;;;rally car;;2020;;
Cosmic Coupe;;black;;;track stars car;;2020;;
Fast fish;;yellow;;;track stars car;;2021;;
Mazda Repu;;blue;;;Pickup truck truck;;2016;;
Tesla roadster;;silver;;;Car;;2020;;
Tooned VW Golf MK1 ;;white;;;small car;;2021;;
2021 Citroen ami;;grey;;;small car;;2021;matchbox;
2020 Jaguar F-Type;;black;;;Car;;2020;;
Hi-Beam;;blue;;;Car;;2017;;
Volkswagen käfer racer;;red;;;Race car;;2016;;
1967 Ford GT40 Mk.IV;;white;;;Race car;;2020;;
65 mustang fastback;;green;;;Muscle car;;2007;;
Mercedes-Benz 500E;;red;;;Car;;2020;;
2016 Alfa Romeo Guilia;;white;;;Car;;2019;matchbox;
87 Ford Sierra Cosworth;;blue;;;Car;;2021;;
Pagani Huayra;;gold;;;Hyper car;;2012;;
Mclaren F1 GTR;;silver;;;old Hyper car;;2017;;
Lamborghini Sian FKP 37;;green gold;;;Hyper car;;2021;;
87 Ford Mustang GT;;black;;;Muscle car;;2010;;
Custom '53 cadillac;;blue;;;low rider;;2008;;
68 Mercury Cougar;;black;;;Muscle car;;2013;;
Dodge Viper RT/10;;yellow;;;Car;;1992;;
Dodge Viper RT/10;;white;;;Car;;1992;;
Dodge Viper RT/10;;blue;;;Car;;1992;;
Minecart;;grey;;;minecraft cart;;2015;;
Minecart;;green;;;minecraft cart;;2015;;
Back to the future time machine;;silver;;;time machine;;2021;;
1970 pontiac firebird;;red;;;Muscle car;;2021;;
tooned VW Golf MK1 ;;red;;;tooned car;;2021;;
Corvette Grand Sport roadster;;yellow;;;Car;;2018;;
62 Corvette Gasser;;bronze;;;Muscle car;;2021;;
Mclaren F1;;black;;;old Hyper car;;2020;;
Quick Bite;;black;;;Truck;;2017;;
Dimachini veloce;;blue;;;Car;;2021;;
68 dodge dart;;white;;;Muscle car;;2021;;
69 copo corvette;;blue;;;Race car;;2010;;
2019 mercedes-benz A-class;;blue;;;compact car;;2018;;
Ford focus RS;;black;;;compact car;;2016;;
67 chevy;;red;;;old muscle car;;1978;;
Big-air bel-air;;black;;;sand car;;2019;;
Pagani Zonda R;;black;;;Hyper car;;2021;;
Mazda RX-3;;black;;;JDM car;;2015;;
Pininfarina battista;;yellow;;;Hyper car;;2021;;
dodge challenger drift car;;white;;;Muscle car;;2010;;
Mclaren Elva;;black;;;Hyper car;;2021;;
Shelby cobra 427 S/C;;blue;;;old muscle car;;1982;;
Porsche 935;;black;;;Hyper car;;2021;;
Porsche 935;;red;;;Hyper car;;2021;;
Koenigsegg gemera;;grey;;;Hyper car;;2021;;
Donut Drifter;;pink;;;donut;;2019;;
Mercedes benz unimog 1300;;white;;;Pickup truck truck;;2018;;
95 Mazda RX-7;;blue;;;JDM car;;2017;;
Lotus sport elise;;white;;;Car;;2021;;
Custom '18 ford mustang GT;;dark red;;;Muscle car;;2018;;
U.S.S. Enterprise NCC-1701;;grey;;;space ship from star trek;;2013;;
Honda Civic Custom;;blue;;;JDM car;;2021;;
Range Rover classic;;turqouise;;;SUV;;2021;;
84 Audi Sport quattro;;yellow;;;Old car;;2018;;
Fly-By;;black;;;Motorcycle;;2013;;
95 Jeep cheroke;;green;;;SUV;;2021;;
Nissan Z Proto;;yellow;;;JDM car;;2021;;
Nissan Z Proto;;white;;;JDM car;;2021;;
2019 mercedes-benz A-class;;yellow;;;compact car;;2018;;
73 BMW 3.0 CSL race car;;yellow;;;Old race car;;2015;;
94 Bugatti EB110 SS;;silver;;;old Hyper car;;2020;;
94 Bugatti EB110 SS;;yellow;;;old Hyper car;;2020;;
Nissan Skyline HT 2000GT-X;;dark turqouise;;;JDM car;;2011;;
Lets Go;;red;;;kart;;2013;;
70 Dodge charger;;black;;;sand car;;2016;;
90 Acura NSX;;blue;;;JDM car;;2014;;
Toyota Supra;;red;;;JDM car;;2012;;
71 lamborghini Miura P400SV;;orange;;;old Hyper car;;2017;;
LB-Silhouette works gt Nissan 35GT-RR Ver2;;blue;;;JDM car;;2020;;
Aston Martin V12 Speedster;;light blue;;;Hyper car;;2021;;
Mazda RX-7;;blue;;;JDM car;;2011;;
20 Toyota GR Supra;;red;;;JDM car;;2020;;
Lotus Emira;;blue;;;Hyper car;;2022;;
69 Copo Camaro;;yellow;;;Muscle car;;2019;;
Subaru WRX STI;;blue;;;JDM car;;2021;;
Ford escort RS2000;;white;;;Old car;;2022;;
drift rod;;yellow;;;fantasy car;;2016;;
2020 Corvette;;white;;;Hyper car;;2019;matchbox;
2023 Nissan Z;;blue;;;JDM car;;2021;;
Ford Shelby GT350R;;light blue;;;Muscle car;;2015;;
LB Super Silhouette Nissan Silvia;;yellow;;;JDM car;;2021;;
McLaren Elva;;light blue;;;Hyper car;;2021;;
Dodge Viper SRT110 ACR;;blue;;;Muscle car;;2022;;
Hot wired;;green;;;drag car;;2021;;
Sky Dome;;black;;;Car;;2016;;
District transport;;orange and white;;;transporter;;2020;;
62 Ford mustang concept;;black;;;concept car;;2009;;
92 Ford mustang;;white;;;Muscle car;;2007;;
2015 Ford mustang GT Convertible;;orange;;;Muscle car;;2016;;
69 Ford Mustang Boss 302;;red;;;Muscle car;;2019;;
71 Ford Mustang Mach 1;;turqouise;;;Muscle car;;-;;
Hotweiler;;bronze;;;dog;;2016;;
Swamp buggy;;green;;;Buggy;;2008;;
croc rod;;gray;;;crocodile;;2008;;
Turbo Rooster;;blue;;;rooster;;2016;;
Knight Draggin';;turqouise;;;dragon with knight;;2013;;
Dodge viper RT/10;;yellow;;;Muscle car;;2016;;
Rollin' solo;;grey;;;Car;;2022;;
HW Braille Racer - Twin mill;;white;;;car with braille;;2022;;
Solar reflex;;blue;;;car with solar pannel;;2007;;
Nissan Silvia (S15);;blue;;;JDM car;;2022;;
Ford escort RS2000;;red;;;Old car;;2022;;
Porsche 911 Carrera RS 2.7;;white;;;Old car;;2022;;
2018 Bentley Continental GT3;;silver;;;Race car;;2020;;
68 Corvette - Gas Monkey Garage;;gold;;;Muscle car;;2016;;
Audi RS e-tron GT;;dark blue;;;Car;;2021;;
Renault Sport R.S. 01;;red;;;Race car;;2015;;
1988 Jeep Wagoneer;;black;;;truck;;2022;;
The beatles yellow Submarine;;yellow;;;submarine;;2014;;
Tesla Model Y;;dark grey;;;tesla;;2022;;
Lotus Emira;;red;;;Car;;2022;;
88 Honda CR-X;;grey;;;Car;;2018;;
Ice Shredder;;red;;;ice racer;;2014;;
86 Ford Thunderbird pro stock;;blue;;;Muscle car;;2022;;
71 Porsche 911;;white;;;Old car;;2017;;
Mazda Repu;;turqouise;;;Pickup truck truck;;2016;;
2023 Nissan Z;;red;;;JDM car;;2021;;
DMC Delorean;;light blue;;;Car;;2009;;
Porsche Taycan Turbo S;;green;;;Car;;2020;;
Mazda 787B;;red;;;Old race car;;2022;;
Drone Duty;;green;;;drone car;;2022;;
HW-4-Trac;;blue;;;Race car;;2022;;
Mitsubishi pajero evolution;;red;;;SUV;;2022;;
Pagani Zonda R;;blue;;;Hyper car;;2021;;
BMW i8 Roadster;;silver;;;Car;;2018;;
McLaren P1;;orange;;;Hyper car;;2014;;
84 Audi Sport Quattro;;white;;;rally car;;2018;;
Porsche 911 Carrera RS 2.7;;white;;;Old car;;2022;;
DMC Delorean;;blue;;;Car;;2003;;
Renault Sport R.S. 01;;red;;;Race car;;2015;;
LB Super Silhouette Nissan Silvia;;gold;;;JDM;;2021;;
Audi '90 Quattro;;white;;;rally car;;2022;;
Corvette C7 Z06;;dark grey;;;Car;;2016;;
07 Ford Mustang;;blue/green falken;;;Muscle car;;2007;;
87 Dodge D100;;pink;;;Pickup truck;;2017;;
Alfa Romeo GTV6 3.0;;red;;;Race car;;2022;;
Rally Speciale;;white;;;Car;;2022;;
1970 Pontiac firebird;;purple;;;Muscle car;;2021;;
BMW 507;;red;;;Old car;;2022;;
Porsche Taycan Turbo S;;green;;;electric;;2020;;
71 Porsche 911;;white;;;Old car;;2017;;
17 Pagani Huayra Roadster;;blue;;;Hyper car;;2017;;
2018 Bentley Continental GT3;;silver/grey;;;Race car;;2020;;
Aston Martin Vantage GTE;;white;;;Race car;;2021;;
Porsche 911 Carrera RS 2.7;;orange;;;Old car;;2022;;
Porsche 935;;Blue;;;Old race car;;2021;;
Corvette C6;;Orange;;;american car;;2023;;
Porsche 911 Carrera RS 2.7;;yellow;;;Old car;;2022;;
Audi 90 Quattro;;blue;;;Old race car;;2022;;
Land rover series II;;Grey;;;jeep;;2023;;
Porsche 904 Carrera gts;;Silver;;;Old race car;;2023;;
BMW M3 wagon;;blue;;;satin wagon race car;;2023;;
mad mike drift attack;;grey;;;drift car;;2022;;
McLaren souls get;;blue;;;Hyper car;;2023;;
63 Studebaker Champ;;red;;;Pickup truck;;2021;;
Cadillac project GTP Hyper car;;Matte black;;;Race car;;2023;;
Alfa Romeo GTV6 3.0;;grey;;;Old race car;;2022;;
Porsche 911 Carrera RS 2.7;;red;;;Old car;;2022;;
Corvette Stingray;;blue;;;Old car;;2024;;
1949 drag merc;;silver;;;Drag car;;2024;;
Pagani Utopia;;beige;;;Hyper car ;;2024;;
57 Chevy ;;Mint;;;Old car;;2024;;
Cadillac Project GTP Hyper card ;;blue;;;Race car;;2023;;
94 Audi Avant RS2;;turquoise;;;Stationwagon;;2020;;
67 Chevy C10;;beige;;;Pickup truck;;2013;;
Alfa Romeo GTV6 3.0;;grey;;;Old race car;;2022;;
Datsun 240Z Custom;;yellow orange;;;JDM car;;2022;;
Mitsubishi Lancer Evolution VI;;yellow;;;JDM car;;2020;;
Bugatti Veyron;;white;;;Hyper car;;2022;;
Hako Type D;;white;;;JDM car;;2024;;
