real rider?;set;set;# out of (only for);Name;Name;color;color;model;model;year;more details;
yes;circuit legends;;5/5;Mazda 787B;;white;;Race car;;2017;;
yes;circuit legends;;2/5;`69 copo corvette;;yellow and black;;Race car;;2010;;
yes;circuit legends;;3/5;porsche 962;;red and black;;Race car;;2016;;
yes;euro speed;;2/5;BMW M1 procar;;black;;project car;;2016;;
yes;silhouettes;;4/5;RWB PORSCHE 930;;Black;;tuned car;;2018;;
yes;silhouettes;;5/5;Nissan skyline silhouette;;red and black;;tuned car;;2018;;
yes;silhouettes;;2/5;`76 Greenwood corvettte;;light blue;;tuned car;;2012;;
yes;silhouettes;;3/5;78 porsche 935-78;;white;;tuned car;;2011;;
yes;silhouettes;;1/5;76 chevy monza;;red colors;;tuned car;;2011;;
yes ;forza motorsport;;3/5;porsche 911 GT3 RS;;silver and red;;Race car;;2017;;
yes;forza motorsport;;2/5;73 BMW 3.0 CSL race car;;white;;Race car;;2017;;
yes;forza motorsport;;3/5;BMW 2002;;white;;Race car;;2018;;
yes;forza motorsport;;4/5;Lamborghini Veneno;;yellow and black;;Race car;;2016;;
yes;forza motorsport;;5/5;lamborghini huracán lp 610-4;;green and black and white;;Race car;;2018;;
no;factory fresh;;----------------------;mod rod;;blue;;hot rod;;2019;;
no;hw exotics;;---------------------;porsche gt3 rs;;black and gold;;Race car;;2016;;
no;then and now;;---------------------;55 corvette;;black and white;;Old car;;2012;;
no ;olympic games tokyo 2020;;---------------------;hi beam;;pink;;rally car;;2017;;
no;olympic games tokyo 2020;;---------------------;velocita;;black and blue;;Car;;2014;;
no;speed blur;;---------------------;track manga;;white and red;;old car;;2017;;
no;camo set;;2/5;16 honda civic type r;;orange;;Race car;;2016;;
no ;camo set;;1/5;nissan skyline H/T 2000GT-X;;blue;;Car;;2011;;
no;camo set;;4/5;18 camaro ss;;green  ;;Car;;2018;;
no;camo set;;5/5;68 el camino;;pink;;Car;;1999;;
no ;nico rosberg;;1/3;F-racer;;black and white;;formel 1;;2003;;
no;nico rosberg;;3/3;winning formula;;light blue/ turqoise;;formel 1;;2014;;
no;nico rosberg;;2/3;F1 Racer;;white;;formel 1;;2018;;
no;Hw race day;;---------------------;16 mercedes-amg gt3;;light blue;;sports car;;2017;;
no;hw speed ;;---------------------;95 mazda rx-7;;black;;Race car;;2017;;
no;hw roadsters;;---------------------;lamborghini reventon roadser;;green;;sports car;;2010;;
yes;japan historics 3;;3/5;nissan silvia;;yellow greenish;;old car;;2018;;
yes;japan historics 3;;5/5;68 mazda cosmo sport;;white;;old car;;2019;;
yes;japan historics 3;;2/5;85 honda city turbo 2;;orange;;old japanese racer;;2019;;
no;orange,red,white,blue 52 team;;6/6;volkswagen t2 Pickup truck;;white and red and orange and blue;;Pickup truck;;2016;;
no;orange,red,white,blue 52 team;;5/6;68 corvette - Gas monkey garage;;white,red,orange and blue;;tuned car;;2016;;
yes ;fast and furious;;1/5;95 mazda rx-7;;red;;tuned car;;2018;;
yes;fast and furious;;2/5;17 acura nsx;;silver;;Car;;2015;;
yes;fast and furious;;5/5;70 dodge charger R/T;;black matt;;Muscle car;;2010;;
yes;fast and furious;;3/5;71 plymouth GTX;;black;;Muscle car;;2010;;
yes;fast and furious;;4/5;jaguar XE SV Project 8;;blue;;Car;;2018;;
yes;hotwheels boulevard;;1/5;bone shaker;;black with flames;;Car;;2005;;
yes;rocket league;;---------------------;bone shaker;;blue;;Car;;2005;;
yes;Desert rally;;1/5;70 oldsmobile 442;;red;;desert rally car;;2012;;
yes;Desert rally;;3/5;88 Jeep Grand Wagoneer;;dark turqoise;;desert rally car;;2012;;
yes;Desert rally;;5/5;"Volkswagen ""Baja Bug""";;green;;desert rally car;;2018;;
yes;Team transport;;1;porsche 356 speedster and volkswagen Transporter T1 Pickup truck;;;silver;oldtimer and Pickup truck;;2018;;
yes;Team transport;;1;porsche 356 speedster and volkswagen Transporter T1 Pickup truck;;;silver;oldtimer and Pickup truck;;2018;;
yes;track day;;2/5;78 porsche 935;;red;;Race car;;2011;;
yes;track day;;3/5;70 chevy chevelle;;white;;Old car;;2012;;
yes;track day;;4/5;volkswagen Karmann Ghia;;light blue/turqoise;;Old race car;;2016;;
yes;track day;;1/5;porsche 964;;grey;;Old car;;2016;;
yes;track day;;5/5;Datsun Bluebird 510;;dark red;;Old race car;;2008;;
no;BMW;;6/8;BMW M3;;silver;;Car;;2010;plastic cover a little broken;
yes;race day;;3/5;porsche 914-6;;red;;Old race car;;2012;;
no;porsche series;;5/8;porsche 917k;;yellow;;Old race car;;2014;;
no;HW Ride-ons;;---------------------;Grass chomper;;orange;;grass;;2015;treasure hunt;
no;x-raycers;;---------------------;rig storm;;red;;truck;;2013;;
no;experimotors;;---------------------;crate racer;;purple;;Car;;2015;treasure hunt;
no ;HW Metro;;---------------------;fast-bed hauler;;yellow;;hauler;;2013;treasure hunt;
no;Dino riders;;---------------------;sting rod;;blue;;SUV;;2018;treasure hunt;
no;HW Metro;;---------------------;Mercedes-Benz Unimog 1300;;black;;SUV;;2018;treasure hunt;
no;x-raycers;;---------------------;69 Chevelle;;orange;;Car;;2004;treasure hunt;
no;experimotors;;---------------------;crate racer;;purple;;Car;;2015;treasure hunt;
no;HW Ride-ons;;---------------------;Bazoomka;;green;;airlane car;;2017;treasure hunt;
no;baja blazers;;---------------------;Humvee;;blue;;SUV;;2014;treasure hunt;
no;factory fresh;;---------------------;porsche 911 GT3 RS;;purple;;Race car;;2016;;
no;factory fresh;;---------------------;porsche 911 GT3 RS;;purple;;Race car;;2016;;
no;HW Art Cars;;---------------------;67 Camaro;;blue;;Old car;;2016;treasure hunt;
no;HW Showroom;;---------------------;Lamborghini Aventador j;;red;;Hyper car;;2013;;
no;---------------------;;---------------------;Splittin Image 2;;purple;;old fantasy car;;1994;;
no;leap year;;---------------------;67 Chevelle SS 396;;grey;;Car;;2016;;
no;NightBurnerz;;---------------------;71 Porsche 911;;white;;Race car;;2017;;
no;leap year;;---------------------;67 Chevelle SS 396;;grey;;Car;;2016;;
no;Muscle Mania;;---------------------;King kuda;;grey;;Car;;1969;;
no;hw exotics;;---------------------;16 Bugatti Chiron;;blue;;Hyper car;;2018;;
no;hw exotics;;---------------------;16 Bugatti Chiron;;blue;;Hyper car;;2018;;
no;hw exotics;;---------------------;Lamborghini Aventador j;;orange;;Hyper car;;2013;;
no;Hw green speed;;---------------------;porsche panamera turbo s e-hybrid sport turismo;;;grey;e-car;;2018;;
no;Hw screen time;;---------------------;15 mercedes-Amg GT;;grey;;Hyper car;;2016;;
no;hw exotics;;---------------------;jaguar XJ220;;orange;;Car;;1992;;
no;Muscle Mania;;---------------------;Custom '18 Ford MUSTANG;;white;;Car;;2018;;
no;HW rescue;;---------------------;Lamborghini Countach Police car;;blue;;police;;2017;;
no;then and now;;---------------------;porsche 911 GT3 RS;;silver;;Hyper car;;2016;;
no;---------------------;;---------------------;rig storm;;gold;;race truck;;2013;;
no;Hw screen time;;---------------------;68 Corvette - Gas Monkey Garage;;gold;;Car;;2016;;
no;hw exotics;;---------------------;mcLaren senna;;dark blue;;forza car;;2018;;
no;---------------------;;---------------------;bullet proof;;gold;;bullet proof cr;;2015;;
no;street beasts;;---------------------;draggin tail;;pink blue silver;;dragon fly car;;2009;;
no;hw exotics;;---------------------;aston martin vulcan;;green;;Hyper car;;2018;;
no;batman;;---------------------;justice league Batmobile;;black;;Car;;2017;;
no;hw exotics;;---------------------;16 Lamborghini Centenario roadster;;grey;;Hyper car;;2018;;
no;NightBurnerz;;---------------------;dodge challenger drift car;;red;;Car;;2010;;
no;hw exotics;;---------------------;aventador miura homage;;red;;Hyper car;;2011;;
no;factory fresh;;---------------------;lamborghini Huracán  ;;grey;;Hyper car;;2014;;
no;Hw race team;;---------------------;corvette C7.r;;blue;;Race car;;2014;;
yes;Team transport;;17;RWB PORSCHE 930, Aero lift;;purple;;race car and Pickup truck;;2018;;
No;Holiday racers;;----------------------;Baja Bone Shaker;;Black and orange;;Treasure hunt (SUV);;2021;;
Yes;Fast and furious;;2/5;McLaren 720S;;Metallic grey;;Hyper car;;2020;;
Does not say but has rubber wheels I think;Fast and furious 6;;6/32;Ford escort RS16000 Mk1;;Blue and white;;Car;;2016;;
Does not say but has rubber wheels I think;fast five;;32/32;Ford GT-40;;Blue;;Fast car;;2016;;
Does not say but has rubber wheels I think;Fast and furious 6;;10/32;Navistar MXT;;Blue;;Truck;;2016;;
Does not say but has rubber wheels I think;Fast five;;9/32;Dodge charger;;Grey blue;;Muscle car;;2016;;
Does not say but has rubber wheels I think;Fast and furious 6;;29/32;Dodge Charger Daytona;;Red;;Muscle car;;2016;;
Does not say but has rubber wheels I think;F8;;23/32;Ice charger;;Grey blue;;Muscle car;;2016;;
Does not say but has rubber wheels I think;Furious 7;;19/32;Maserati Ghibli;;Green;;Car;;2016;;
Does not say but has rubber wheels I think;Furious 7;;5/32;Dodge challenger srt8;;Light green;;Muscle car;;2016;;
Does not say but has rubber wheels I think;Furious 7;;1/3;Dodge Charger off-road;;Black;;Muscle car;;2016;;
Does not say but has rubber wheels I think;The fast and the furious ;;13/32;Dodge charger r/t;;Black;;Muscle car;;2016;;
Does not say but has rubber wheels I think;Furious 7;;2/32;Plymouth roadrunner;;Orange;;Muscle car;;2016;;
Does not say but has rubber wheels I think;Fast and furious 6;;3/32;Flip car;;Beij;;Flip car;;2016;;
No;HW Hot trucks;;3/10;91 GMC syclone;;Black;;Pickup truck truck;;2019;2020 set;
No;HW Hot trucks;;3/10;91 GMC syclone;;red;;Pickup truck truck;;2019;2020 set;
No;HW Hot trucks;;4/10;erikstein rod;;red matt;;race truck;;2019;2020 set;
No;HW Hot trucks;;4/10;erikstein rod;;blue matt;;race truck;;2019;2020 set;
No;HW Hot trucks;;5/10;19 chevy silverado trail boss LT;;white;;Pickup truck truch;;2017;2020 set;
No;HW Hot trucks;;5/10;19 chevy silverado trail boss LT;;black;;Pickup truck truch;;2017;2020 set;
No;HW Hot trucks;;8/10;Datsun 620;;red matt;;pick up ;;2013;2020 set;
No;HW Hot trucks;;10/10;69 chevy Pickup truck;;kaki;;Pickup truck truck;;2001;2020 set;
yes;HW Hot trucks;;10/10;69 Chevy Pickup truck;;green metallic;;Pickup truck truck;;2001;2020 set;Super th
No;HW Hot trucks;;7/10;70 dodge power wagon;;zamac;;Pickup truck truch;;2010;2020 set;
No;HW Hot trucks;;1/10;99 ford f-150 svt;lightning;beij;;Pickup truck truck;;2019;2020 set;
No;HW Hot trucks;;9/10;sandblaster;;black;;truck for dunes and outlaw;;2013;2020 set;
No;HW Hot trucks;;2/10;2020 ram 1500 rebel;;red;;pick up small truck;;2019;2020 set;
No;HW Exotics;;1/10;17 lamborghini urus;;yellow;;SUV;;2019;2020 set;
No;HW Exotics;;2/10;mclaren speedtail;;light blue;;Hyper car;;2019;2020 set;
No;HW Exotics;;3/10;2020 koenigsegg jesko;;grey;;Hyper car;;2020;2020 set;
No;HW Exotics;;4/10;porsche 911 GT3 RS;;black and gold;;Hyper car;;2016;2020 set;
No;HW Exotics;;5/10;electro silhouette;;red;;Futuristic race car;;2018;2020 set;
No;HW Exotics;;5/10;electro silhouette;;grey;;Futuristic race car;;2018;2020 set;
No;HW Exotics;;6/10;90 acura nsx;;red;;Old race car;;2014;2020 set;
No;HW Exotics;;6/10;90 acura nsx;;white;;Old race car;;2014;2020 set;
No;HW Exotics;;8/10;jaguar xj220;;green blue;;Race car;;1992;2020 set;
No;HW Exotics;;9/10;McLaren P1;;light turkise;;Hyper car;;2018;2020 set;
No;HW Exotics;;10/10;Lamborghini Sesto Elemento;;baby blue;;Hyper car;;2013;2020 set;
yes;HW Exotics;;10/10;Lamborghini Sesto Elemento;;light blue mettalic;;Hyper car;;2013;2020 set;super th
No;Id chase car;;7/8;Aston martin one-77;;red mettalic;;Hyper car;;2018;2020 set;
No;Hw Flames;;2/10;57 Plymouth Fury;;white;;Old car;;2003;2020 set;
No;Hw Flames;;2/10;57 Plymouth Fury;;blue;;Old car;;2003;2020 set;
No;Hw Flames;;3/10;64 Chevy Nova Wagon;;orange;;Wagon;;2012;2020 set;
No;Hw Flames;;3/10;64 Chevy Nova Wagon;;zamac;;Wagon;;2012;2020 set;
No;Hw Flames;;4/10;67 Camaro;;black;;Muscle car;;2016;2020 set;
No;Hw Flames;;4/10;67 Camaro;;bronze orange;;Muscle car;;2016;2020 set;
No;Hw Flames;;5/10;68 Shelby Gt500;;blue ;;Muscle car;;2012;2020 set;
No;Hw Flames;;5/10;68 Shelby Gt500;;purple;;Muscle car;;2012;2020 set;
No;Hw Flames;;6/10;71 Dodge Charger;;yellow;;Muscle car;;2009;2020 set;
No;Hw Flames;;7/10;73 Ford Falcon x8;;dark green;;Muscle car;;2009;2020 set;
No;Hw Flames;;8/10;69 Dodge Charger 500;;red;;Muscle car;;2014;2020 set;
No;Hw Flames;;9/10;Custom Ford Maverick;;baby blue matt;;Muscle car;;2017;2020 set;
No;Hw Flames;;9/10;Custom Ford Maverick;;red;;Muscle car;;2017;2020 set;
No;Hw Flames;;9/10;Custom Ford Maverick;;black matt;;Muscle car;;2017;2020 set;
No;Hw Flames;;10/10;65 Ford Galaxie;;black;;Muscle car;;2019;2020 set;
Yes;Hw Flames;;10/10;65 Ford Galaxie;;black metallic;;Muscle car;;2019;2020 set;super th
No;speed blur;;1/5;Baja truck;;grey;;Buggy;;2019;2020 set;
No;speed blur;;2/5;custom '01 Acura Integra GSR;;red;;Car;;2015;2020 set;
No;speed blur;;2/5;custom '01 Acura Integra GSR;;purple;;Car;;2015;2020 set;
No;speed blur;;3/5;Indy 500 Oval ;;pink ;;F1 car;;2011;2020 set;
No;speed blur;;4/5;Roborace Robocar;;grey;;Race car;;2018;2020 set;
No;speed blur;;5/5;Mazda RX-7;;orange;;Old race car;;2011;2020 set;
yes;speed blur;;5/5;Mazda RX-7;;orange mettalic;;Old race car;;2011;2020 set;super th
No;Honda;;1/5;98 Honda Prelude;;blue;;Car;;2019;2020 set;
No;Honda;;1/5;98 Honda Prelude;;grey;;Car;;2019;2020 set;
No;Honda;;2/5;black;;white;;Race car;;2018;2020 set;
No;Honda;;2/5;2018 Honda civic Type R;;;;Car;;2018;2020 set;
No;Honda;;2/5;2018 Honda civic Type R;;zamac;;Car;;2018;2020 set;
No;Honda;;3/5;Honda Monkey Z50;;dark red seat;;Motorcycle;;2017;2020 set;
No;Honda;;4/5;Honda S2000;;yellow;;Car;;2010;2020 set;
No;Honda;;4/5;Honda S2000;;green;;Car;;2010;2020 set;
No;Honda;;5/5;88 Honda Cr-X;;white;;Car;;2018;2020 set;
yes;Honda;;5/5;88 Honda Cr-X;;white;;Car;;2018;2020 set;super th
No;HW Art Cars;;1/10;92 Ford Mustang;;beij;;Car;;2007;2020 set;
No;HW Art Cars;;1/10;92 Ford Mustang;;orange;;Car;;2007;2020 set;
No;HW Art Cars;;1/10;92 Ford Mustang;;zamac;;Car;;2007;2020 set;
No;HW Art Cars;;2/10;cruise bruiser;;black;;Wagon;;2015;2020 set;
No;HW Art Cars;;2/10;cruise bruiser;;red;;Wagon;;2015;2020 set;
No;HW Art Cars;;3/10;bone shaker;;green;;Car;;2017;2020 set;
No;HW Art Cars;;4/10;fish'D & Chip'D;;white and black;;Car;;2002;2020 set;
No;HW Art Cars;;5/10;Humvee;;yellow orange;;SUV;;2014;2020 set;
No;HW Art Cars;;6/10;la fasta;;white;;Car;;2008;2020 set;
No;HW Art Cars;;6/10;la fasta;;blue;;Car;;2008;2020 set;
No;HW Art Cars;;7/10;quick bite;;blue;;Ice-cream truck;;2017;2020 set;
No;HW Art Cars;;7/10;quick bite;;white;;Ice-cream truck;;2017;2020 set;
No;HW Art Cars;;8/10;rodger dodger;;gold;;Muscle car;;1970;2020 set;
No;HW Art Cars;;8/10;rodger dodger;;grey;;Muscle car;;1970;2020 set;
No;HW Art Cars;;9/10;super van;;white;;Van;;1974;2020 set;
No;HW Art Cars;;10/10;custom '56 ford truck;;yellow;;Pickup truck;;2008;2020 set;th
No;Id chase car;;5/8;bone shaker;;green metallic;;Car;;2017;2020 set;
No;street beasts;;1/10;veloci racer;;kaki;;dinosaur;;2019;2020 set;
No;street beasts;;2/10;Duck N' Roll;;Light green;;duck;;2019;2020 set;
No;street beasts;;3/10;motosaurus;;pink;;dinosaur;;2016;2020 set;
No;street beasts;;4/10;croc rod;;light blue;;crocodile;;2008;2020 set;has error wheels
No;street beasts;;5/10;i-Believe;;blue and light blue;;skeleton car idk;;2019;2020 set;
No;street beasts;;6/10;Knight Draggin;;purple;;dragon with a knight;;2013;2020 set;
No;street beasts;;6/10;Knight Draggin;;red;;dragon with a knight;;2013;2020 set;
No;street beasts;;7/10;ratical racer;;yellow;;Car;;2012;2020 set;
No;street beasts;;8/10;turbo rooster;;black;;rooster;;2016;2020 set;
No;street beasts;;9/10;Tur-Bone Charged;;black;;skeleton car  ;;2018;2020 set;
No;street beasts;;9/10;Tur-Bone Charged;;brown;;skeleton car   ;;2018;2020 set;
No;street beasts;;10/10;tricera truck;;black;;dinosaur;;2018;2020 set;th
No;Id chase car;;4/8;motosaurus;;pink mettalic;;dinosaur;;2017;2020 set;
No;HW Race Team;;1/5;Grand cross;;grey;;SUV;;2019;2020 set;
No;HW Race Team;;2/5;2010 chevy impala;;white;;nascar;;2010;2020 set;
No;HW Race Team;;2/5;2010 chevy impala;;blue;;nascar;;2010;2020 set;
No;HW Race Team;;3/5;10 pro stock camaro;;blue;;drag car;;2010;2020 set;
No;HW Race Team;;4/5;Custom '18 Ford MUSTANG Gt;;blue;;Race car;;2018;2020 set;
No;HW Race Team;;5/5;dodge viper rt/10;;blue;;cabrio;;1992;2020 set;th
No;Track stars;;1/5;HW warp speeder;;red;;cabrio;;2019;2020 set;
No;Track stars;;2/5;Forward force;;green;;SUV ;;2019;2020 set;
No;Track stars;;3/5;Gruppo x24;;white;;le mans car;;2018;2020 set;
No;Track stars;;3/5;Gruppo x24;;yellow;;le mans car;;2018;2020 set;
No;Track stars;;4/5;Nerve Hammer;;light green;;Car;;2005;2020 set;
No;Track stars;;5/5;circle trucker;;silver;;Car;;2010;2020 set;th
I think so;Hw screen time;;2/10;Ion Motors thresher;;purple;;Muscle car;;2019;2020 set;
No;Hw screen time;;3/10;party wagon;;yellow;;ninga turtles van;;2020;2020 set;
No;Hw screen time;;4/10;the flintstones flintmobile;;orange;;flintstones mobile;;2013;2020 set;
No;Hw screen time;;5/10;65 Ford Mustang Convertible;;light blue;;007's car;;2013;2020 set;
No;Hw screen time;;6/10;70 chevelle SS;;red;;fast and furious muscle car;;1998;2020 set;
No;Hw screen time;;7/10;sword warthog;;red;;halo car;;2016;2020 set;
No;Hw screen time;;8/10;octane;;light green;;rocket league car;;2016;2020 set;
No;Hw screen time;;8/10;octane;;light green;;rocket league car;;2016;2020 set;
No;Hw screen time;;9/10;snoopy;;red;;snoopy house;;2015;2020 set;
No;Hw screen time;;10/10;the beatles yellow submarine;;yellow;;submarine;;2014;2020 set;th
No;batman;;1/5;batplane;;black;;airplane;;2019;2020 set;
No;batman;;1/5;batplane;;grey mettalic;;airplane;;2019;2020 set;
No;batman;;2/5;batcopter;;black;;helicopter;;2011;2020 set;
No;batman;;2/5;batcopter;;purple;;helicopter;;2011;2020 set;
No;batman;;3/5;batmobile;;silver;;Car;;2018;2020 set;
No;batman;;3/5;batmobile;;gold;;Car;;2018;2020 set;
No;batman;;4/5;tv series batmobile;;black;;Car;;2007;2020 set;
No;batman;;4/5;tv series batmobile;;red matt;;Car;;2007;2020 set;
No;batman;;5/5;Batman :Arkham Asylum Batmobile;;dark blue;;Car;;2010;2020 set;th
No;Id chase car;;6/8;tv series batmobile;;black metallic;;Car;;2018;2020 set;
No;Red edition;;1/12;Indy 500 Oval ;;white + red stripes;;Race car;;2011;2020 set;
No;Red edition;;2/12;dodge viper srt10 acr;;grey;;fast car;;2019;2020 set;
No;Red edition;;3/12;gotta go;;red;;toilet car;;2018;2020 set;
No;Red edition;;4/12;bone shaker;;white;;bone shaker;;2006;2020 set;
No;Red edition;;5/12;aston martin vulcan;;red;;Hyper car;;2018;2020 set;
No;Red edition;;6/12;tooligan;;black;;tool car;;2009;2020 set;
No;Red edition;;7/12;custom otto;;red;;Muscle car;;2019;2020 set;
No;Red edition;;8/12;68 Shelby Gt500;;white with red flames;;Muscle car;;2012;2020 set;
No;Red edition;;9/12;McLaren P1;;white;;Hyper car;;2014;2020 set;
No;Red edition;;10/12;custom '18 Ford Mustang GT;;red;;Muscle car;;2018;2020 set;
No;Red edition;;11/12;sandblaster;;red with white;;truck;;2013;2020 set;
No;Red edition;;12/12;91 Mazda Mx-5 miata;;white;;Old car;;2018;2020 set;
No;Tooned;;1/10;RV there yet;;red and white ;;car with anhänger;;2019;2020 set;
No;Tooned;;1/10;RV there yet;;blue and grey;;car with anhänger;;2019;2020 set;
No;Tooned;;2/10;Manga tuner;;purple;;Car;;2019;2020 set;
No;Tooned;;3/10;70 volkswagen baja bug;;white;;Buggy;;2019;2020 set;
No;Tooned;;3/10;70 volkswagen baja bug;;red;;Buggy;;2019;2020 set;
No;Tooned;;4/10;69 Chevelle;;green;;Car;;2004;2020 set;
No;Tooned;;4/10;69 Chevelle;;chrome;;Car;;2004;2020 set;
No;Tooned;;5/10;cool-one;;black;;ice cream truck;;2004;2020 set;
No;Tooned;;5/10;cool-one;;white;;ice cream truck;;2004;2020 set;
No;Tooned;;7/10;skull shaker;;blue;;skull car;;2017;2020 set;
No;Tooned;;7/10;skull shaker;;pink;;skull car;;2017;2020 set;
No;Tooned;;8/10;surf 'n turf;;turqouis;;Muscle car;;2016;2020 set;
No;Tooned;;8/10;surf 'n turf;;yellow;;Muscle car;;2016;2020 set;
No;Tooned;;9/10;64 chevy impala;;red;;Muscle car;;2003;2020 set;
No;Tooned;;9/10;64 chevy impala;;blue;;Muscle car;;2003;2020 set;
No;Tooned;;9/10;64 chevy impala;;zamac;;Muscle car;;2003;2020 set;
No;Tooned;;10/10;Dodge Charger Daytona;;yellow;;Muscle car;;2003;2020 set;th
No;x-raycers;;1/10;Lindster Prototype;;green;;Car;;2019;2020 set;
No;x-raycers;;2/10;Aero pod;;purple;;truck;;2014;2020 set;
No;x-raycers;;2/10;Aero pod;;light green;;truck;;2014;2020 set;
No;x-raycers;;3/10;Beat all;;red;;truck;;2017;2020 set;
No;x-raycers;;3/10;Beat all;;orange;;truck;;2017;2020 set;
No;x-raycers;;4/10;cloak and dagger;;green;;Car;;2007;2020 set;
No;x-raycers;;5/10;hi-tech missile;;orange;;Car;;2013;2020 set;
No;x-raycers;;6/10;Hw Formula solar;;blue and light blue;;Car;;2015;2020 set;
No;x-raycers;;6/10;Hw Formula solar;;red;;Car;;2015;2020 set;
No;x-raycers;;7/10;Pedal de Metal;;light blue;;Car;;2009;2020 set;
No;x-raycers;;9/10;power rocket;;blue;;rocket ;;1995;2020 set;
No;x-raycers;;9/10;power rocket;;red;;rocket;;1995;2020 set;
No;x-raycers;;10/10;power pistons;;yellow;;Car;;2014;2020 set;th
No;HW Turbo;;1/5;98 Subaru Impreza 22B Sti-Version;;blue;;Car;;2019;2020 set;
No;HW Turbo;;1/5;98 Subaru Impreza 22B Sti-Version;;red;;Car;;2019;2020 set;
No;HW Turbo;;1/5;98 Subaru Impreza 22B Sti-Version;;zamac;;Car;;2019;2020 set;
No;HW Turbo;;2/5;Audi Rs 5 Coupe;;black;;Car;;2018;2020 set;
No;HW Turbo;;3/5;Range rover velar;;black;;SUV;;2018;2020 set;
No;HW Turbo;;4/5;95 Mazda Rx-7;;orange;;Car;;2017;2020 set;
No;HW Turbo;;5/5;Nissan skyline gt-r;;black;;Car;;2018;2020 set;
yes;HW Turbo;;5/5;Nissan skyline gt-r;;black;;Car;;2018;2020 set;super th
No;factory fresh;;1/10;2019 Audi R8 Spyder;;red;;sports car;;2019;2020 set;
No;factory fresh;;2/10;19 corvette Zr1 Convertible;;orange;;sports car;;2019;2020 set;
No;factory fresh;;2/10;19 corvette Zr1 Convertible;;blue;;sports car;;2019;2020 set;
No;factory fresh;;3/10;2019 Kia stinger gt;;blue;;Car;;2019;2020 set;
No;factory fresh;;5/10;corvette C7 Z06;;orange;;sports car;;2016;2020 set;
No;factory fresh;;7/10;16 Bugatti Chiron;;black;;Hyper car;;2018;2020 set;
No;factory fresh;;7/10;16 Bugatti Chiron;;zamac;;Hyper car;;2018;2020 set;
No;factory fresh;;8/10;BMW K 1300 R;;green and black;;Motorcycle;;2013;2020 set;
No;factory fresh;;9/10;Tesla Model 3;;blue;;Car;;2018;2020 set;
No;factory fresh;;9/10;Tesla Model 3;;grey;;Car;;2018;2020 set;
No;factory fresh;;10/10;84 Audi sport quattro;;red;;Car;;2018;2020 set;
yes;factory fresh;;10/10;84 Audi sport quattro;;red mettalic;;Car;;2018;2020 set;super th
No;HW Metro;;1/10;total disposal;;blue and yellow;;dump truck;;2019;2020 set;
No;HW Metro;;1/10;total disposal;;green and white;;dump truck;;2019;2020 set;
No;HW Metro;;2/10;road bandit;;red;;school bus;;2019;2020 set;
No;HW Metro;;2/10;road bandit;;yellow;;school bus;;2019;2020 set;
No;HW Metro;;4/10;HW Armored Truck;;chrome;;money truck;;1997;2020 set;
No;HW Metro;;4/10;HW Armored Truck;;red;;money truck;;1997;2020 set;
No;HW Metro;;5/10;Deora II;;blue;;Car;;2018;2020 set;
No;HW Metro;;6/10;diaper dragger;;pink;;baby car;;2018;2020 set;
No;HW Metro;;6/10;diaper dragger;;blue;;baby car;;2018;2020 set;
No;HW Metro;;7/10;Runway Res-Q;;neon yellow;;fire truck;;2018;2020 set;
No;HW Metro;;7/10;Runway Res-Q;;green;;fire truck;;2018;2020 set;
No;HW Metro;;8/10;The Haulinator;;green;;abschleppwagen;;2014;2020 set;
No;HW Metro;;9/10;Time Attaxi;;orange ;;taxi;;2015;2020 set;
No;HW Metro;;10/10;Mercedes-Benz Unimog 1300;;black;;truck;;2018;2020 set;th
No;Id chase car;;3/8;Time Attaxi;;orange;;taxi;;2018;2020 set;
No;Experimotors;;1/10;clip rod;;blsck,gold,blue;;car which holds money;;2019;2020 set;
No;Experimotors;;1/10;clip rod;;black,red,gold;;car which holds money;;2019;2020 set;
No;Experimotors;;2/10;Rockin' Santa Sled;;gold, green;;santa sled;;2019;2020 set;
No;Experimotors;;2/10;Rockin' Santa Sled;;chrome, gold;;santa sled;;2019;2020 set;
No;Experimotors;;3/10;speed driver;;yellow;;screw car;;2019;2020 set;
No;Experimotors;;3/10;speed driver;;red;;screw car;;2019;2020 set;
No;Experimotors;;4/10;tooligan;;green;;screw car;;2009;2020 set;
No;Experimotors;;5/10;el viento;;green brown;;Car;;2016;2020 set;
No;Experimotors;;6/10;gotta go;;blue;;toilet car;;2016;2020 set;
No;Experimotors;;7/10;Heavy Hitcher;;chrome;;abschleppwagen;;2018;2020 set;
No;Experimotors;;7/10;Heavy Hitcher;;blue;;abschleppwagen;;2018;2020 set;
No;Experimotors;;8/10;slide kick;;red;;Car;;2018;2020 set;
No;Experimotors;;8/10;slide kick;;purple;;Car;;2018;2020 set;
No;Experimotors;;9/10;The Embosser;;yellow and orange;;abschleppwagen;;2016;2020 set;
No;Experimotors;;10/10;bubble matic;;red;;bubble car;;2017;2020 set;th
No;Hw Race Day;;1/10;Formula Gen 2 Car;;purple;;formula e car;;2019;2020 set;
No;Hw Race Day;;1/10;Formula Gen 2 Car;;black;;formula e car;;2019;2020 set;
No;Hw Race Day;;2/10;Volvo 850 Estate;;white;;Race car;;2019;2020 set;
No;Hw Race Day;;2/10;Volvo 850 Estate;;black;;Race car;;2019;2020 set;
No;Hw Race Day;;3/10;Alpine A110 Cup;;blue;;Race car;;2018;2020 set;
No;Hw Race Day;;4/10;76 Greenwood Corvette;;light blue;;Race car;;2012;2020 set;
No;Hw Race Day;;4/10;76 Greenwood Corvette;;white;;Race car;;2012;2020 set;
No;Hw Race Day;;5/10;85 Honda city turbo II;;red;;Race car;;2017;2020 set;
No;Hw Race Day;;5/10;85 Honda city turbo II;;silver;;Race car;;2017;2020 set;
No;Hw Race Day;;5/10;85 Honda city turbo II;;zamac;;Race car;;2017;2020 set;
No;Hw Race Day;;6/10;circle tracker;;white;;mattel racer;;2008;2020 set;
No;Hw Race Day;;6/10;circle tracker;;red;;mattel racer;;2008;2020 set;
No;Hw Race Day;;8/10;Ford Gt-40;;blue;;Race car;;1999;2020 set;
yes;Hw Race Day;;8/10;Ford Gt-40;;blue mettalic;;Race car;;1999;2020 set;super th
No;Hw Race Day;;9/10;street stealth;;blue;;Motorcycle;;2014;2020 set;
No;Hw Race Day;;10/10;night shifter;;black;;Car;;2015;2020 set;
No;Id chase car;;1/8;night shifter;;black;;Car;;2018;2020 set;
No;Fast Foodie;;1/5;Donut drifter;;red;;donut ;;2019;2020 set;
No;Fast Foodie;;2/5;Carbonator;;yellow and red;;flasche;;2018;2020 set;
No;Fast Foodie;;2/5;Carbonator;;blue and black;;flasche;;2018;2020 set;
No;Fast Foodie;;3/5;chill mill;;green;;milk truck;;2015;2020 set;
No;Fast Foodie;;4/5;roller toaster;;purple;;toaster;;2016;2020 set;
No;Fast Foodie;;4/5;roller toaster;;light blue;;toaster;;2016;2020 set;
No;Fast Foodie;;5/5;Buns of steel;;blue purple;;hamburger;;2018;2020 set;th
No;HW speed graphics;;2/10;2018 Ford Mustang GT;;red;;Car;;2017;2020 set;
No;HW speed graphics;;3/10;19 Ford Ranger Raptor;;red;;Pickup truck;;2018;2020 set;
No;HW speed graphics;;3/10;19 Ford Ranger Raptor;;white;;Pickup truck;;2018;2020 set;
No;HW speed graphics;;4/10;65 Mustang 2+2 Fastback;;white;;Muscle car;;2007;2020 set;
No;HW speed graphics;;5/10;68 Dodge dart;;blue;;Muscle car;;2010;2020 set;
No;HW speed graphics;;5/10;68 Dodge dart;;green;;Muscle car;;2010;2020 set;
No;HW speed graphics;;6/10;87 Dodge D100;;orange;;sahara car;;2017;2020 set;
No;HW speed graphics;;6/10;87 Dodge D100;;zamac;;sahara car;;2017;2020 set;
No;HW speed graphics;;7/10;Nissan silvia;;grey;;Car;;2019;2020 set;
No;HW speed graphics;;8/10;Datsun Bluebird Wagon;;red;;Wagon;;2012;2020 set;
No;HW speed graphics;;8/10;Datsun Bluebird Wagon;;yellow;;Wagon;;2012;2020 set;
No;HW speed graphics;;8/10;Datsun Bluebird Wagon;;black;;Wagon;;2012;2020 set;
No;HW speed graphics;;9/10;Mazda Repu;;blue grey;;Pickup truck;;2016;2020 set;
No;HW speed graphics;;10/10;17 Nissan Gt-R;2020 Model 50th anniversary version;white;;Car;;2016;2020 set;
yes;HW speed graphics;;10/10;17 Nissan Gt-R;2020 Model 50th Anniversary Version;blue mettalic;;Car;;2016;2020 set;super th
yes;Baja Blazers;;1/10;67 Jeepster commado;;blue mettalic;;Pickup truck;;2018;2020 set;super th
No;Baja Blazers;;1/10;67 Jeepster commado;;blue;;Pickup truck ;;2018;2020 set;
No;Baja Blazers;;2/10;chrysler pacifa;;red;;jeep;;2018;2020 set;
No;Baja Blazers;;2/10;chrysler pacifa;;black;;jeep;;2018;2020 set;
No;Baja Blazers;;3/10;geoterra;;blue;;jeep;;2019;2020 set;
No;Baja Blazers;;4/10;20 Jeep Gladiator;;red;;jeep;;2019;2020 set;
No;Baja Blazers;;4/10;20 Jeep Gladiator;;beij matt;;jeep;;2019;2020 set;
No;Baja Blazers;;6/10;42 Willys MB Jeep;;blue;;Car;;2019;2020 set;
No;Baja Blazers;;7/10;Dune it up;;black and white;;Buggy;;2008;2020 set;
No;Baja Blazers;;7/10;Dune it up;;purple and turqouise;;Buggy;;2008;2020 set;
No;Baja Blazers;;8/10;HW450F;;yellow;;Motorcycle;;2007;2020 set;
No;Baja Blazers;;9/10;Hyper Rocker;;white;;truck;;2018;2020 set;
No;Baja Blazers;;10/10;Land Rover Series III Pickup truck;;zamac;;Pickup truck;;2018;2020 set;
No;Baja Blazers;;10/10;Land Rover Series III Pickup truck;;beij  ;;Pickup truck;;2018;2020 set;
No;Baja Blazers;;10/10;Land Rover Series III Pickup truck;;green blue;;Pickup truck;;2018;2020 set;
No;Id chase car;;2/8;70 Ford escort RS1600;;orange;;Car;;2018;2020 set;
No;ROD Squad;;1/10;Big-air Bel-air;;gold;;Car;;2019;2020 set;
No;ROD Squad;;1/10;Big-air Bel-air;;black blue;;Car;;2019;2020 set;
No;ROD Squad;;2/10;49 Volkswagen Beetle Pickup truck;;grau;;Pickup truck;;2018;2020 set;
No;ROD Squad;;3/10;52 chevy;;blue;;Pickup truck;;2006;2020 set;
No;ROD Squad;;3/10;52 chevy;;kaki;;Pickup truck;;2006;2020 set;
No;ROD Squad;;4/10;52 Hudson Hornet;;purple;;Car;;2015;2020 set;
No;ROD Squad;;4/10;52 Hudson Hornet;;blue;;Car;;2015;2020 set;
No;ROD Squad;;4/10;52 Hudson Hornet;;zamac;;Car;;2015;2020 set;
No;ROD Squad;;5/10;49 Ford F1;;orange;;Pickup truck;;2012;2020 set;
No;ROD Squad;;5/10;49 Ford F1;;green;;Pickup truck;;2012;2020 set;
No;ROD Squad;;6/10;68 chevy Nova;;zamac;;Muscle car;;2008;2020 set;
No;ROD Squad;;6/10;68 chevy Nova;;red;;Muscle car;;2008;2020 set;
No;ROD Squad;;7/10;8 crate;;silver;;Wagon;;2002;2020 set;
No;ROD Squad;;8/10;custom cadillac fleetwood;;green;;Old car;;2012;2020 set;
No;ROD Squad;;9/10;moto wing;;green;;motorcycle with 4 wheels;;2018;2020 set;
No;ROD Squad;;10/10;57 chevy;;pink;;Old car;;1976;2020 set;
yes;ROD Squad;;10/10;57 chevy;;pink mettalic;;Old car;;1976;2020 set;super th
No;HW Dream Garage;;1/10;2 jet Z;;grey;;Car;;2019;2020 set;
No;HW Dream Garage;;1/10;2 jet Z;;blue;;Car;;2019;2020 set;
No;HW Dream Garage;;2/10;2005 Ford Mustang;;green;;Car;;2015;2020 set;
No;HW Dream Garage;;3/10;18 copo camaro ss;;black;;Car;;2018;2020 set;
No;HW Art Cars;;7/10;Purple passion;;light blue;;Old car;;2024;2020 set;
No;HW Dream Garage;;3/10;18 copo camaro ss;;silver;;Car;;2018;2020 set;
No;HW Dream Garage;;4/10;Twin Mill Gen-E;;green;;future car;;2018;2020 set;
No;HW Dream Garage;;5/10;mod rod;;red;;low rider muscle car;;2019;2020 set;
No;HW Dream Garage;;8/10;custom '71 el camino;;red;;Muscle car;;2012;2020 set;
No;HW Dream Garage;;8/10;custom '71 el camino;;grey;;Muscle car;;2012;2020 set;
No;HW Dream Garage;;8/10;custom '71 el camino;;zamac;;Muscle car;;2012;2020 set;
No;HW Dream Garage;;9/10;Rip Rod;;blue and chrome;;Car;;2013;2020 set;
No;HW Dream Garage;;10/10;2013 Hot Wheels Chevy Camaro Special Edition;;green;;Car;;2012;2020 set;th
No;HW Rescue;;4/10;92 BMW M3;;white and green;;police;;2011;2020 set;
No;HW Rescue;;4/10;92 BMW M3;;zamac and blue;;police;;2011;2020 set;
No;HW Rescue;;5/10;Dodge Charger Drift;;blue;;police;;2009;2020 set;
No;HW Rescue;;6/10;Mad Propz;;yellow;;airplane;;2004;2020 set;
No;HW Rescue;;6/10;Mad Propz;;purple;;airplane;;2004;2020 set;
No;HW Rescue;;9/10;Sky Boat;;orange and black;;airplane and boat;;2008;2020 set;
No;HW Rescue;;10/10;Chevy silverado;;green;;Pickup truck;;2007;2020 set;th
No;Muscle Mania;;1/10;2020 Ford Mustang Shelby GT500;;red;;Muscle car;;2020;2020 set;
No;Muscle Mania;;2/10;64 Nova Wagon Gasser;;green;;Wagon;;2018;2020 set;
No;Muscle Mania;;2/10;64 Nova Wagon Gasser;;blue;;Wagon;;2018;2020 set;
No;Muscle Mania;;3/10;69 Ford Mustang Boss 302;;zamac;;Muscle car;;2019;2020 set;
No;Muscle Mania;;4/10;84 Pontiac Firebird;;red;;Car;;2019;2020 set;
No;Muscle Mania;;5/10;70 Dodge Charger R/T;;blue;;Muscle car;;2010;2020 set;
No;Muscle Mania;;6/10;86 Monte Carlo SS;;green;;Car;;2010;2020 set;
No;Muscle Mania;;7/10;Rodger Dodger 2.0;;blue;;Muscle car;;2018;2020 set;
No;Muscle Mania;;8/10;Custom Otto;;blue;;Muscle car;;2019;2020 set;
No;Muscle Mania;;8/10;Custom Otto;;pink purple;;Muscle car;;2019;2020 set;
No;Muscle Mania;;10/10;18 Dodge Challenger SRT Demon;;yellow;;Muscle car;;2018;2020 set;
yes;Muscle Mania;;10/10;18 Dodge Challenger SRT Demon;;gold metalic;;Muscle car;;2018;2020 set;sth
No;Id chase car;;8/8;70 Dodge Charger R/T;;blue;;Muscle car;;2017;2020 set;
Yes;2020 Collector Edition;;-;Volkswagen Sunagon;;zamac;;Van;;1981;2020 set;in card keeper
Yes;2020 Collector Edition;;-;69 Nissan Skyline van;;purple mettalic;;Wagon;;2017;2020 set;in card keeper
Yes;2020 Collector Edition;;-;Custom '77 Dodge Van;;purple mettalic;;Van;;2009;2020 set;in card keeper
Yes;2020 Collector Edition;;-;65 Volkswagon Fastback;;purple mettalic;;fast back;;2008;2020 set;in card keeper
Yes;2020 Collector Edition;;-;76 Chevy Monza;;purple mettalic;;Race car;;2011;2020 set;in card keeper
Yes;2020 Collector Edition;;-;60s Ford Ecoline Pickup truck;;purple mettalic;;Pickup truck ;;2016;2020 set;in card keeper
Yes;2020 Collector Edition;;-;55 Chevy Bel Air Gasser;;gold metalic;;Muscle car;;2012;2020 set;in card keeper
No;Olympic games Tokyo 2020;;1/10;surfs up;;blue;;surfer;;2019;2020 set;
No;Olympic games Tokyo 2020;;2/10;10 Toyota Tundra;;white;;Pickup truck truck;;2011;2020 set;
No;Olympic games Tokyo 2020;;2/10;10 Toyota Tundra;;red;;Pickup truck truck;;2011;2020 set;
No;Olympic games Tokyo 2020;;3/10;Fast Felion;;green;;Car;;2008;2020 set;
No;Olympic games Tokyo 2020;;4/10;Mountain Mauler;;green;;Car;;2013;2020 set;
No;Olympic games Tokyo 2020;;5/10;Hi Beam;;pink ;;Car;;2017;2020 set;
No;Olympic games Tokyo 2020;;5/10;Hi Beam;;white;;Car;;2017;2020 set;
No;Olympic games Tokyo 2020;;6/10;skate grom;;purple;;skateboard;;2013;2020 set;
No;Olympic games Tokyo 2020;;7/10;Sky Dome;;purple;;Car;;2016;2020 set;
No;Olympic games Tokyo 2020;;8/10;Toyota 2000 GT;;red;;Car;;2011;2020 set;
No;Olympic games Tokyo 2020;;8/10;Toyota 2000 GT;;white;;Car;;2011;2020 set;
No;Olympic games Tokyo 2020;;9/10;Velocita;;black;;Car;;2014;2020 set;
No;Olympic games Tokyo 2020;;9/10;Velocita;;white;;Car;;2014;2020 set;
No;Olympic games Tokyo 2020;;10/10;Dune Daddy;;pink;;Buggy;;2018;2020 set;th
No;HW Ride-ons;;1/5;Pixel Shaker;;blue;;pixel car;;2019;2020 set;
No;HW Ride-ons;;2/5;Aisle Driver;;orange;;shopping kart;;2016;2020 set;
No;HW Ride-ons;;4/5;Wheel Chair;;blue;;wheel chair;;2018;2020 set;
No;HW Ride-ons;;4/5;Wheel Chair;;black;;wheel chair;;2018;2020 set;
No;HW Ride-ons;;5/5;Grass Chomper;;orange;;grass cutter;;2015;2020 set;th
No;Nightburnerz;;1/10;2018 Bentley Continental GT3;;blue;;Race car;;2020;2020 set;
No;Nightburnerz;;2/10;96 Chevrolet Impala SS;;black;;Car;;2019;2020 set;
No;Nightburnerz;;3/10;89 Mazda Savanna RX-7 FC3S;;red;;Car;;2019;2020 set;
No;Nightburnerz;;4/10;Porsche 914 Safari;;blue;;small truck;;2020;2020 set;
No;Nightburnerz;;4/10;Porsche 914 Safari;;yellow;;small truck;;2020;2020 set;
No;Nightburnerz;;5/10;19 Mercedes-Benz A-Class;;red;;Car;;2018;2020 set;
No;Nightburnerz;;6/10;Jaguar XE SV Project 8;;green;;Car;;2018;2020 set;
No;Nightburnerz;;6/10;Jaguar XE SV Project 8;;grey;;Car;;2018;2020 set;
No;Nightburnerz;;9/10;Mclaren Senna;;zamac;;Hyper car;;2018;2020 set;
No;Nightburnerz;;10/10;64 Chevy Chevelle SS;;blue;;Car;;2011;2020 set;
Yes;Nightburnerz;;10/10;64 Chevy Chevelle SS;;light blue mettalic;;Car;;2011;2020 set;super th
No;porsche;;1/5;89 Porsche 944 Turbo;;red;;Car;;2019;2020 set;
No;porsche;;1/5;89 Porsche 944 Turbo;;beij;;Car;;2019;2020 set;
No;porsche;;2/5;96 Porsche Carrera;;yellow;;Car;;2018;2020 set;
No;porsche;;2/5;96 Porsche Carrera;;black;;Car;;2018;2020 set;
No;porsche;;2/5;96 Porsche Carrera;;grey;;Car;;2018;2020 set;
No;porsche;;3/5;Porsche Panamera Turbo S E-Hybrid Sport Turismo;;blue;;Car;;2018;2020 set;
No;porsche;;3/5;Porsche Panamera Turbo S E-Hybrid Sport Turismo;;white;;Car;;2018;2020 set;
No;porsche;;4/5;Porsche 917 LH;;blue;;Race car;;2017;2020 set;
No;porsche;;4/5;Porsche 917 LH;;zamac;;Race car;;2017;2020 set;
No;porsche;;5/5;Porsche 918 Spyder;;blue;;Hyper car;;2017;2020 set;
yes;porsche;;5/5;Porsche 918 Spyder;;blue mettalic;;Hyper car;;2017;2020 set;super th
No;HW Roadsters;;1/5;91 Mazda Mx-5 Miata;;yellow;;Car;;2018;2020 set;
No;HW Roadsters;;2/5;16 Lamborghini Centenario roadster;;white;;Hyper car;;2018;2020 set;
No;HW Roadsters;;2/5;16 Lamborghini Centenario roadster;;red;;Hyper car;;2018;2020 set;
No;HW Roadsters;;3/5;69 camaro;;blue;;cabrio;;2006;2020 set;
No;HW Roadsters;;4/5;Shelby Cobra 427 S/C;;zamac;;cabrio;;1983;2020 set;
No;HW Roadsters;;5/5;17 Pagani Huayra Roadster;;green;;cabrio;;2017;2020 set;
Yes;HW Roadsters;;5/5;17 Pagani Huayra Roadster;;green mettalic;;cabrio;;2017;2020 set;super th
Yes;Fast and Furious;;1/5;Aston Martin DBS;;silver grey;;Old car;;2013;;
Yes;Fast and Furious;;2/5;Mclaren 720s;;dark grey;;Hyper car;;2017;;
Yes;Fast and Furious;;3/5;Lamborghini Aventador Coupé;;matt black;;Hyper car;;2011;;
Yes;Fast and Furious;;4/5;BMW M3 E36;;black;;Car;;2020;;
Yes;Fast and Furious;;5/5;BMW M3 E46;;white;;Car;;2020;;
Yes;Cruise Boulevard;;2/5;69 Chevelle SS 396;;Blue;;Car;;2007;;
No;Fast and Furious;;1/5;Dodge Challenger Drift Car;;green and black;;Muscle car;;2010;;
No;Fast and Furious;;2/5;Ice Charger;;dark grey silver;;Muscle car;;2017;;
No;Fast and Furious;;3/5;Nissan Skyline GT-R;;silver;;JDM car;;2009;;
No;Fast and Furious;;3/5;Nissan Skyline GT-R;;silver;;JDM car;;2009;;
No;Fast and Furious;;4/5;71 Plymouth GTX;;black;;Muscle car;;2011;;
No;Fast and Furious;;5/5;Corvette Grand sport;;silver;;Car;;2014;;
No;Spiderman Maximum Venom;;5/5;Tail Dragger;;black;;Car;;1997;;
No;Spiderman Maximum Venom;;3/5;71 El camino;;blue;;Muscle car;;2018;;
No;Matchbox moving parts;;-;2016 Chevy camaro;;blue;;Muscle car;;2017;;
No;Matchbox moving parts;;-;1965 Volkswagen Type 3 Fastback;;blue;;Car;;2020;;
No;Matchbox Germany;;9/12;1969 BMW 2002;;blue;;Old car;;2018;;
No;Matchbox Germany;;3/12;BMW M5 Police;;blue and silver;;police;;2014;;
No;Matchbox Germany;;1/12;1962 VW Beetle;;orange;;Old car;;1998;;
No;Matchbox Germany;;8/12;1976 VW Golf MK1;;red;;Car;;2019;;
Yes;Team Transport;;#34;74 Chevrolet Vega Pro Stock and Horizon hauler;;;white red, blue;drag car and hauler;;2020;;
Yes;Team Transport;;#31;"Volkswagen ""Baja Bug"" and Horizon hauler";;;orange and black;Dune car and hauler;;2020;;
Yes;Team Transport;;#30;18 Dodge Challenger SRT Demon, Retro Rig;;;blue;drag car and hauler;;2020;;
Yes;Team Transport;;#7;66 Super Nova, Retro Rig;;black;;drag car and hauler;;2019;;
Yes;Team Transport;;#11;Nissan Fairlady Z, Sakura Sprinter;;white and red;;JDM car and hauler;;2019;;
Yes;Team Transport;;#10;Mercedes-Benz 190E, Fleet Flyer;;blue and green;;race car and hauler;;2019;;
Yes;Team Transport;;#14;Jaguar Lightweight E-type, Carry on;;;white and dark green;;old timer, hauler;2019;;
Yes;Team Transport;;#32;32 Ford, Speed waze;;orange and blue;;hot rod and hauler;;2020;;
Yes;The dark Knight rises;;-;Lamborghini Aventador Coupé;;grey;;Hyper car;;2011;;
yes;Back to the Future;;-;time machine;;silver;;fantasy, real car;;2019;;
No;Factory fresh;;7/10;16 Bugatti Chiron;;black;;Hyper car;;2018;;
No;HW Race Day;;10/10;Mustang Funny car;;grey;;drag car;;2020;th;
No;Baja Blazers;;5/10;70 Ford escort RS1600;;orange  ;;offroad car;;2014;;
No;HW space;;2/5;Tesla roadster with staraman;;red;;Car;;2008;;
No;truck set;;1/5;65 ford Ranchero;;green;;Pickup truck trucks;;2010;;
No;truck set;;2/5;Mazda Repu;;yellow;;Pickup truck trucks;;2016;;
No;truck set;;3/5;Datsun 620;;grey;;Pickup truck trucks;;2013;;
No;truck set;;4/5;Land Rover Series III Pickup truck;;maroon/brown;;Pickup truck trucks;;2018;;
No;truck set;;5/5;Custom '72 Chevy Luv ;;light blue;;Pickup truck trucks;;2015;;
No;1/4 mile set;;1/5;Mclaren Senna;;yellow;;Race car;;2018;;
No;1/4 mile set;;2/5;18 dodge challenger srt demon;;grey;;Race car;;2018;;
No;1/4 mile set;;3/5;Porsche 918 Spyder;;green;;Race car;;2017;;
No;1/4 mile set;;4/5;Lamborghini Aventador Miura Homage;;orange;;Race car;;2011;;
No;1/4 mile set;;5/5;Bugatti veyron 16.4;;black;;Race car;;2020;;
No;1/4 mile set;;5/5;Bugatti veyron 16.4;;black;;Race car;;2020;;
No;X-Raycers;;10/10;power pistons;;yellow;;Car;;2014;th;
Yes;Team Transport;;#27;Nissan skyline GT-R 32, Sakura sprinter;;;red, black;Transporter and car;;2020;;
No;Forza Motorsport;;1/5;15 Land rover Defender Double cab;;;white and blue;truck;;2017;;
No;Forza Motorsport;;2/5;17 Acura NSX;;white, red;;Car;;2015;;
No;Forza Motorsport;;3/5;17 Audi RS 6 Avant;;white, orange;;station wagon;;2017;;
No;Forza Motorsport;;3/5;17 Audi RS 6 Avant;;white, orange;;station wagon;;2017;;
No;Forza Motorsport;;4/5;Ford Shelby GT350;;white, blue;;Muscle car;;2015;;
No;Forza Motorsport;;5/5;Porsche 934 Turbo RSR;;white, green;;Old car;;2014;;
No;Forza Motorsport;;5/5;Porsche 934 Turbo RSR;;white, green;;Old car;;2014;;
No;Cult Racers;;1/5;08 Ford Focus;;red;;Car;;2017;;
No;Cult Racers;;2/5;Nissan Skyline 2000 Turbo RS 30;;white;;JDM car;;2017;;
No;Cult Racers;;3/5;Volkswagen Golf MK2;;green;;Car;;1989;;
No;Cult Racers;;4/5;88 Honda CR-X;;black;;JDM car;;2018;;
No;Cult Racers;;5/5;Scion FR-S;;pink;;JDM car;;2013;;
No;52 anniversary;;1/6;Muscle speeder;;white;;Car;;2015;;
No;52 anniversary;;2/6;32 Ford;;white;;Car;;1997;;
No;52 anniversary;;3/6;Fast-Bed Hauler;;white;;hauler;;2013;;
No;52 anniversary;;4/6;55 Chevy Bel Air Gasser;;white;;Muscle car;;2012;;
No;52 anniversary;;5/6;68 Corvette -Gas Monkey Garage;;white;;Muscle car;;2016;;
No;52 anniversary;;6/6;Volkswagen T2 Pickup truck;;white;;Pickup truck truck;;2016;;
No;52 anniversary;;-;Gazella GT;;orange chrome;;Car;;2015;;
No;Fast and Furious 5-pack;;-;61 Impala, Ford GT-40, '72 Ford Gran Torino Sport, Lancer Evolution, Nissan 360Z;;;red, blue, green, light green, grey;;cars;2020;;
No ;Redline Neo-Classics;;4/4;56 Ford;;Shiny Blue;;Van;;1999;;
Yes;Wild Terrain;;1/5;88 Mercedes Unimog U1300;;red and white;;off road truck;;2018;;
Yes;Wild Terrain;;1/5;88 Mercedes Unimog U1300;;red and white;;off road truck;;2018;;
Yes;Wild Terrain;;2/5;85 Ford Bronco;;black and white;;off road truck;;2012;;
Yes;Wild Terrain;;3/5;67 Off Road Camaro;;white;;off road car;;2018;;
Yes;Wild Terrain;;4/5;Land Rover Defender 110 Hard Top;;yellow;;off road truck;;2018;;
Yes;Wild Terrain;;5/5;Porsche 959 (1986);;blue and white;;off road car;;2019;;
Yes;DeadPool;;1/1;Deadpool Chimichanga Truck;;yellow;;Food Truck;;2017;;
Yes;Power Trip;;1/5;Plymouth Barracuda Hemi;;black with red, white and blue stripes;;Drag Racer;;2006;;
Yes;Power Trip;;2/5;87 Buick Regal GNX;;white;;Car;;2019;;
Yes;Power Trip;;3/5;Custom '72 Chevy Luv ;;purple;;Pickup truck truch;;2015;;
Yes;Power Trip;;4/5;18 Dodge Challenger SRT Demon;;same as plymouth in set;;Drag Racer;;2018;;
Yes;Power Trip;;5/5;1991 GMC Syclone;;red  ;;Pickup truck truch;;2019;;
Yes;Exotic Envy;;1/5;McLaren Senna;;light blue;;Hyper car;;2018;;
Yes;Exotic Envy;;2/5;Aston Martin Vulcan;;orange;;Hyper car;;2018;;
Yes;Exotic Envy;;3/5;Aston Martin Valhalla Concept;;red;;Hyper car;;2020;;
Yes;Fast & Furious Full Force;;1/5;95 Mazda RX-7;;red;;JDM car;;2018;;
Yes;Deutschland Design;;3/5;Porsche 959 (1986);;white;;Car;;2019;;
Yes;Boulevard;;16;Twin Mill  ;;blue  ;;fantasy car;;1969;;
Yes;Boulevard;;16;Twin Mill  ;;blue;;fantasy car;;1969;;
Yes;Boulevard;;17;Kool Kombi;;yellow;;Drag Racer;;2012;;
Yes;Boulevard;;19;69 Alfa Romeo 33 Stradale;;red;;Car;;2019;;
Yes;Boulevard;;21;63 Chevy Nova;;purple;;Drag car;;2020;;
Yes;Boulevard;;22;1968 Mazda Cosmo Sport;;weite and blue;;Car;;2019;;
Yes;Boulevard;;23;64 Buick Rivera;;red;;Car;;2016;;
Yes;Toy story;;1/1;Pizza Planet Truck;;yellow;;Station wagon;;2018;;
Yes;Boulevard;;18;Toyota AE86 Sprinter Trueno;;white;;JDM car;;2019;;
Yes;Boulevard;;20;Nissan Skyline C210;;black;;JDM car;;2017;;
Yes;Euro Speed;;5/5;Audi R8 LMS;;white;;Race car;;2017;;
Yes;Thriller Climbers;;5/5;Volkswagen ID R;;white;;Race car;;2019;;
Yes;Japan Historics 3;;1/5;Nissan Skyline RS (KDR30);;red and black;;JDM car;;2019;;
Yes;Britisch Horse Power;;3/5;Morris Mini;;orange;;Car;;2000;;
Yes;Boulevard;;26;Corvette Z06 Drag Racer;;blue;;Drag Racer;;2020;;
Yes;Boulevard;;27;Custom '67 Pontiac Firebird;;sliver (zamac);;Muscle car;;2017;;
Yes;Boulevard;;30;87 Buick Regal GNX;;dark grey;;Car;;2019;;
Yes;Deluxe cars;;214F, 214G;Nissan GT-R;;purple;;JDM car;;-;majorette;
Yes;Deluxe cars;;214F, 214G;Nissan GT-R;;magic purple;;JDM car;;-;majorette;
No;Moving Parts;;-;1982 Datsun 280 ZX;;light blue;;Car;;2018;matchbox;
No;Moving Parts;;-;1955 Porsche 550 Spyder;;light blue;;Old car;;2019;matchbox;
No;Moving Parts;;1/20;Pagani Huayra Roadster;;dark blue;;Hyper car;;2020;matchbox;
Yes;Premium Cars;;279A-1;Chevrolet Camaro;;red mettalic;;Muscle car;;-;majorette;
No;Nightburnerz;;-;68 Corvette -Gas Monkey Garage, '70 Ford Escort RS1600, ;;;grey, blue, beige, green, copper;;cars;2020;one 5-pack;
;;;;Datsun 510 Wagon, Dodge Viper SRT10 ACR, Porsche 934 Turbo RSR;;;;;;;same 5-pack;
Yes;Slick Rides;;6/25;Custom '62 Chevy ;;silver and red;;Pickup truck ;;2009;;
No;Happy New Year 2012;;1/1;Carbonator;;red;;Car;;2012;;
No;Hotwheels classics;;series 3, 10/30;Plymouth King Kuda;;pink chrome;;Muscle car;;1997;;
No;Hotwheels classics;;Series 5, 28/30;Studa-Breaker;;chrome;;Car;;2008;;
No;-;;5/6;Porsche 934 Turbo RSR;;orange;;Old car;;2018;;
Yes;RLC 2021 club exclusive sign up;;-;70 Mustang Boss 302;;spectraflame orange;;Muscle car;;2021;comes with badge and neh badge;
Yes;RLC collecters car;;14444/20000;Thunder Roller;;spectraflame purple;;truck;;2021;;
Yes;RLC collecters car;;10107/20000;55 Mercedes-Benz 300 SL;;chrome;;Old car;;2021;;
Yes;RLC collecters car;;15818/25000;Custom '72 Datsun 240Z;;spectraflame gold;;JDM car;;2021;;
Yes;RLC collecters special edition;;09878/20000;64 Impala;;spectraflame pink;;lowrider;;2021;;
Yes;RLC collecters car;;2980/20000;1944 Jeep Willys MB;;spectraflame kaki;;off road car;;2021;;
Yes;RLC collecters car Gucci;;4700/5000;Cadillac seville designed by Gucci;;white;;limo;;2021;;
Yes;Team Transport;;#29;BMW M3 E46 with Aero Lift;;red;;race car with truck;;2020;;
Yes;Team Transport;;#12;Nissan Skyline GT-R (BNR34) with Aero Lift;;silver  ;;car with truck;;2019;;
Yes;Forza Motorsport;;5/5;Pagani Huayra  ;;orange/red metalic;;Hyper car;;2017;;
No;HW Space;;5/5;Ollie Rocket;;black and gold;;rocket;;2015;Th;
No;HW Space;;5/5;Ollie Rocket;;black and gold;;rocket;;2015;Th;
No;HW Space;;5/5;Ollie Rocket;;black and gold;;rocket;;2015;Th;
No;Experimotors;;9/10;Skull Shaker;;purple;;hot rod;;2017;Th;
No;Experimotors;;9/10;Skull Shaker;;purple;;hot rod;;2017;Th;
No;Experimotors;;9/10;Skull Shaker;;purple;;hot rod;;2017;Th;
No;Fast Foodie;;2/5;Street Wiener;;brown;;sausage;;2017;Th;
No;HW Art Cars;;4/10;Custom '77 Dodge Van;;white;;Van;;2017;Th;
No;Street Beasts;;10/10;Tericera-truck;;black and blue;;dinosaur;;2018;Th;
No;Street Beasts;;10/10;Tericera-truck;;black and blue;;dinosaur;;2018;Th;
No;Halloween;;1/6;Epic Fast;;purple;;Car;;2014;;
No;Halloween;;2/6;Twinduction;;red;;Car;;2010;;
No;Halloween;;3/6;Hover & out;;black;;Car;;2017;;
No;Halloween;;4/6;Night Burner;;orange;;Car;;2016;;
No;Halloween;;5/6;HW Poppa Wheelie;;green;;wheelie car;;2013;;
No;Halloween;;6/6;Super Stinger;;white;;glow in the dark car;;2009;;
Yes;2012 HW Premiere;;42/50;DW-1;;red;;formel 1;;2011;;
Yes;T-Hunt;;4/12;Cougar 1968;;black;;Old car;;2001;;
No;HW Race Day;;1/10;16 Mercedes-AMG GT3;;yellow;;race car  ;;2017;;
No;Factory Fresh;;7/10;DMC Delorean;;grey;;Car;;2009;;
No;Baja Blazers;;7/10;84 Audi Sport Quattro;;white;;rally car;;2018;;
No;Nissan;;1/5;Nissan Skyline GT-R (BCNR33);;red;;Car;;2017;;
No;HW Speed Graphics;;4/10;73 BMW 3.0 CSL race car;;black;;Car;;2015;;
No;BMW;;5/5;73 BMW 3.0 CSL race car;;white;;Car;;2015;;
No ;HW Speed Graphics;;9/10;Mercedes-Benz 300 SL;;silver;;Old car;;2019;;
No;camo set;;1/5;nissan skyline H/T 2000GT-X;;blue;;Car;;2011;;
No;HW Snow Stormer;;2/5;12 Ford Fiesta;;white;;rally car;;2011;;
No;53 Anniversary set;;1/6;70 Dodge Hemi Challenger;;orange;;Muscle car;;2006;;
No;53 Anniversary set;;2/6;69 Ford Torino Talladega;;orange;;Muscle car;;2008;;
No;53 Anniversary set;;3/6;18 Camaro SS;;orange;;Muscle car;;2017;;
No;53 Anniversary set;;5/6;Project Speeder;;orange;;Muscle car;;2013;;
No;Fast & Furious;;6/8;Buick Grand national;;black;;Car;;2014;;
No;Gran Turismo;;4/8;14 Corvette Stingray;;blue;;Car;;2013;;
No;HW Rescue;;10/10;Porsche Panamera;;red;;police;;2013;;
No;HW Rescue;;3/10;71 Porsche 911;;white;;police;;2017;;
No;HW Roadsters;;1/5;Porsche 918 Spyder;;black and red;;Hyper car;;2017;;
No;BMW;;3/5;BMW Z4 M Motorsport;;blue;;Race car;;2011;;
No ;HW City;;-;Custom '62 Chevy ;;yellow;;Pickup truck ;;2007;;
Yes;-;;8/12;T-Bird 1957;;green;;Old car;;1998;;
Yes;T-Hunt;;2/12;Ford 1956;;gold;;Van;;1999;;
No;Ferrari Heat ;;3/5;Ferrari 456M;;green;;Car;;1999;;
No;BMW;;3/8;BMW E36 M3 RACE;;orange;;Race car;;2013;;
No;Porsche;;5/8;Porsche 917K;;yellow;;Race car;;2014;;
No;Treasure Hunts 12;;12/15;65 ford Ranchero;;green;;Pickup truck ;;2010;;
No;-;;-;Corvette Split window;;blue;;Old car;;1979;;
No;-;;31/40;Callawy C-7;;silver;;Car;;1997;;
No;-;;-;1993 Camaro;;red;;Car;;1992;;
No ;Monster Trucks ;;-;5 alarm;;orange ;;monster truck fire truck;;2020;th sign on sides;
Yes;Redline club;;-;TV series Batmobile;;dark blue;;batmobile;;2021;;
no;HW Exotics;;1/10;17 Lamborghini Urus;;yellow;;SUV;;2019;Error car (front);
No;HW Space;;5/5;Ollie Rocket;;black and gold;;rocket;;2015;Th;
No;Fast Foodie;;2/5;Street Wiener;;brown;;sausage;;2017;Th;
No;1/4 mile set;;1/5;Mclaren Senna;;yellow;;Race car;;2018;;
No;1/4 mile set;;2/5;18 dodge challenger srt demon;;grey;;Race car;;2018;;
No;1/4 mile set;;3/5;Porsche 918 Spyder;;green;;Race car;;2017;;
No;1/4 mile set;;4/5;Lamborghini Aventador Miura Homage;;orange;;Race car;;2011;;
No;1/4 mile set;;5/5;Bugatti veyron 16.4;;black;;Race car;;2020;;
Yes;Hyper Haulers;;2/5;Baja Bouncer;;white;;off road car;;2020;;
Yes;Hot wheels boulevard;;28;Porsche 964;;green;;Old car;;2016;packaging broken;
No;Forza Horizon;;1/5;SRT Viper GTS-R;;Black and pink;;Muscle car;;2014;;
No;Forza Horizon;;1/5;SRT Viper GTS-R;;Black and pink;;Muscle car;;2014;;
No;Forza Horizon;;2/5;Porsche 911 Gt3 RS;;Black and pink;;Race car;;2010;;
No;Forza Horizon;;2/5;Porsche 911 Gt3 RS;;Black and pink;;Race car;;2010;;
No;Forza Horizon;;3/5;19 Mercedes-Benz A-Class;;Black and pink;;Car;;2018;;
No;Forza Horizon;;4/5;Renault Sport R.S. 01;;Black and pink;;Race car;;2015;;
No;Forza Horizon;;5/5;Corvette C7.R;;Black and pink;;Race car;;2014;;
Yes;Team Transport;;#35;Volkswagen ID R, Aero Lift;;Black and Blue;;race car, hauler;;2021;;
Yes;Team Transport;;#36;Corvetter C8.R, Carry on;;Yellow and grey;;Hyper car, hauler;;2021;;
Yes;Team Transport;;#37;21 Toyota GR Supra, Aero Lift;;White and Red;;car, hauler;;2021;;
No;Tooned;;3/5;Tooned Twin Mill;;black;;Car;;2020;th;
No;Tooned;;3/5;Tooned Twin Mill;;black;;Car;;2020;th;
No;Tooned;;3/5;Tooned Twin Mill;;black;;Car;;2020;th;
No;Tooned;;3/5;Tooned Twin Mill;;black;;Car;;2020;th;
No;Tooned;;3/5;Tooned Twin Mill;;black;;Car;;2020;th;
No;Tooned;;3/5;Tooned Twin Mill;;black;;Car;;2020;th;
No;Batman;;1/5;The Dark Knight Batmobile;;blue;;batmobile;;2018;th;
No;Batman;;1/5;The Dark Knight Batmobile;;blue;;batmobile;;2018;th;
No;Batman;;1/5;The Dark Knight Batmobile;;blue;;batmobile;;2018;th;
No;Batman;;1/5;The Dark Knight Batmobile;;blue;;batmobile;;2018;th;
No;Batman;;1/5;The Dark Knight Batmobile;;blue;;batmobile;;2018;th;
No;HW Ride-Ons;;4/5;Pixel Shaker;;green;;Car;;2019;th;
No;X-Raycers;;9/10;69 Chevelle;;orange;;Car;;2004;th;
No;Superchromes;;2/5;Hover & out;;chrome;;Car;;2017;;
No;HW Ride-Ons;;4/5;Pixel Shaker;;green;;Car;;2019;th;
Yes;Pandem;;175;Pandem Toyota GR Supra;;Silver;;JDM car;;-;mini gt;
Yes;LBWK;;179;LB-Silhoette WORKS GT Nissan 35Gt-RR -JPS;;;Black;JDM car;;-;mini gt;
Yes;LBWK;;190;LB Works Lamborghini Huracan;;magic Bronze;;Car;;-;mini gt;
Yes;LBWK;;154;LB Works BMW M4 ;;Red with copper Wheel;;Car;;-;mini gt;
Yes;Mini Gt;;87;Nissan Skyline GT-R;;Black with BBS LM Wheel;;JDM car;;-;mini gt;
Yes;Redline club;;14357/30000;2006 BMW M3;;spectraflame blue;;BMW;;2019;;
No;Tooned;;3/5;Tooned Twin Mill;;black;;Car;;2020;th;
No;Tooned;;3/5;Tooned Twin Mill;;black;;Car;;2020;th;
No;HW Speed Team;;5/5;Draftnator;;orange red;;Pickup truck ;;2020;th;
No;HW Speed Team;;5/5;Draftnator;;orange red;;Pickup truck ;;2020;th;
No;HW Speed Team;;5/5;Draftnator;;orange red;;Pickup truck ;;2020;th;
No;Mud Runners;;1/5;Mercedes-Benz Unimog 1300;;yellow;;truck;;2018;;
No ;Mud Runners;;2/5;67 Jeepster Commando;;red  ;;Pickup truck truck;;2018;;
No;Mud Runners;;3/5;Olds 442 W-30;;white;;mud car;;2006;;
No;Mud Runners;;4/5;Toyota Land Cruiser;;dark green;;Pickup truck truck;;2020;;
No;Mud Runners;;5/5;15 Land rover Defender Double cab;;black;;Pickup truck truck;;2017;;
No;HW Daredevils;;1/5;Poison Arrow;;yellow and black;;airplane;;2005;2021 set;
No;Baja Blazers;;4/10;Land Rover Defender 90;;zamac;;off road car;;2019;2021 set;
No;Baja Blazers;;5/10;70 Volkswagen Baja Bug;;blue;;off road car;;2019;2021 set;
No;Baja Blazers;;5/10;70 Volkswagen Baja Bug;;grey;;off road car;;2019;2021 set;
No;Baja Blazers;;5/10;70 Volkswagen Baja Bug;;black;;off road car;;2019;2021 set;
No;Experimotors;;4/10;HW Formula Solar;;brown;;future car;;2015;2021 set;
No;HW Race Day;;3/10;Corvette Grand sport roadster;;blue;;Old car;;2018;2021 set;
yes;HW Race Day;;3/10;Corvette Grand sport roadster;;light blue;;Old car;;2018;2021 set;sth
No;HW Race Day;;3/10;Corvette Grand sport roadster;;zamac;;Old car;;2018;2021 set;
No;Tooned;;3/5;68 Mustang ;;black;;Muscle car;;2002;2021 set;
No;Tooned;;3/5;68 Mustang ;;beige;;Muscle car;;2002;2021 set;
No;HW Glow Racers;;3/5;Cloak and dagger;;see through, glow in dark;;fantasy;;2007;2021 set;
No;Factory Fresh;;2/10;Volvon 850 Estate;;red;;Stationwagon;;2019;2021 set;
No;Dino Riders;;2/5;Aero Pod;;red;;truck;;2014;2021 set;
No;Dino Riders;;2/5;Aero Pod;;yellow;;truck;;2014;2021 set;
No;Mattel Games;;1/5;32 Ford;;red;;car with big engine;;1997;2021 set;
No;Mattel Games;;1/5;32 Ford;;blue;;car with big engine;;1997;2021 set;
No;red edition;;3/12;32 Ford;;red;;car with big engine;;1997;2021 set;
No;Track Stars;;1/5;Retro-Active;;blue;;battery car;;2010;2021 set;
No;Track Stars;;1/5;Retro-Active;;dark red;;battery car;;2010;2021 set;
No;HW Drift;;1/5;Toyota AE86 Sprinter Trueno;;blue falken;;drift car;;2020;2021 set;
No;HW Drift;;1/5;Toyota AE86 Sprinter Trueno;;black;;drift car;;2020;2021 set;
No;HW Drift;;1/5;Toyota AE86 Sprinter Trueno;;zamac;;drift car;;2020;2021 set;
No;Baja Blazers;;4/10;Land Rover Defender 90;;green;;off road car;;2019;2021 set;
No;Baja Blazers;;4/10;Land Rover Defender 90;;blue;;off road car;;2019;2021 set;
No;Experimotors;;4/10;HW Formula Solar;;yellow;;future car;;2015;2021 set;
No;Fast Foodie;;1/5;Buns of steel;;purple;;hamburger;;2018;2021 set;
No;HW Art Cars;;2/10;Road Bandit;;purple;;bus;;2019;2021 set;
No;HW Getaways;;1/5;Barbie Dream Camper;;pink;;Van;;2020;2021 set;
No;HW Getaways;;2/5;RV There yet;;orange;;car with trailer;;2019;2021 set;
No;HW Getaways;;2/5;RV There yet;;yellow;;car with trailer;;2019;2021 set;
No;HW Turbo;;1/5;Nissan 300ZX Twin Turbo;;blue;;JDM car;;2018;2021 set;
Yes;HW Turbo;;1/5;Nissan 300ZX Twin Turbo;;blue;;JDM car;;2018;2021 set;sth
No;HW Turbo;;1/5;Nissan 300ZX Twin Turbo;;zamac;;JDM car;;2018;2021 set;
No;Dino Riders;;1/5;T-Rextroyer;;gold;;dinosaur;;2020;2021 set;
No;Dino Riders;;1/5;T-Rextroyer;;green;;dinosaur;;2020;2021 set;
No;Factory Fresh;;1/10;2020 Jaguar F-Type;;blue;;Car;;2020;2021 set;
No;Factory Fresh;;1/10;2020 Jaguar F-Type;;grey;;Car;;2020;2021 set;
No;Holiday Racers;;1/5;Baja Bone Shaker;;black;;halloween truck;;2015;2021 set;th
No;Experimotors;;1/10;Tanknator;;orange;;tank;;2015;2021 set;
No;Tooned;;1/5;Tooned Twin Mill;;blue;;Car;;2020;2021 set;
No;Tooned;;1/5;Tooned Twin Mill;;red;;Car;;2020;2021 set;
No;Tooned;;1/5;Tooned Twin Mill;;zamac;;Car;;2020;2021 set;
No;Tooned;;2/5;Mattel Dream mobile;;lime;;Car;;2019;2021 set;
No;Fast Foodie;;1/5;Buns of steel;;red;;burger car;;2018;2021 set;
No;HW Dream Garage;;1/5;96 porsche carrera;;white;;Car;;2018;2021 set;
No;HW Dream Garage;;1/5;96 porsche carrera;;dark green;;Car;;2018;2021 set;
No;HW Glow Racers;;1/5;HW warp speeder;;glow in the dark;;Car;;2019;2021 set;
No;HW Glow Racers;;2/5;HI-Roller;;green;;Car;;2015;2021 set;
No;HW Art Cars;;1/10;Rigor Motor;;black;;coffin;;2020;2021 set;
No;HW Art Cars;;1/10;Rigor Motor;;black and pink;;coffin;;2020;2021 set;
No;HW Art Cars;;2/10;Road Bandit;;grey;;school bus;;2019;2021 set;
No;red edition;;6/12;70 Dodge Power wagon;;white;;Pickup truck truck;;2010;2021 set;
No;Experimotors;;1/10;Tanknator;;white;;tank;;2015;2021 set;
No;HW Metro;;1/10;Hot wheels Ford Transit connect;;blue;;Van;;2019;2021 set;
No;HW Metro;;1/10;Hot wheels Ford Transit connect;;grey;;Van;;2019;2021 set;
No;ID chase car;;1/8;BATMAN: Arkham Knight Batmobile;;red;;batman car;;2018;2021 set;
No;HW Race Day;;1/10;Triumph TR6;;green;;Race car;;2009;2021 set;
No;HW Race Day;;1/10;Triumph TR6;;red;;Race car;;2009;2021 set;
No;red edition;;2/12;Triumph TR6;;black;;Race car;;2009;2021 set;
No;HW Race Day;;2/10;64 Corvette sting ray;;red;;Old car;;2007;2021 set;
No;HW Race Day;;2/10;64 Corvette sting ray;;white;;Old car;;2007;2021 set;
No;HW Screen Time;;1/10;Hyperfin;;blue;;Car;;2019;2021 set;
No;HW Screen Time;;2/10;X-34 Landspeeder;;bronze orange;;star wars landspeeder;;2020;2021 set;
No;Tooned;;2/5;Mattel Dream mobile;;light blue;;Car;;2019;2021 set;
No;HW Dream Garage;;2/5;The Nash;;light blue;;Car;;2020;2021 set;
No;Baja Blazers;;1/10;Quad rod;;gold;;quad;;2016;2021 set;
No;Baja Blazers;;1/10;Quad rod;;purple;;quad;;2016;2021 set;
No;Baja Blazers;;2/10;70 Dodge Power wagon;;yellow;;Pickup truck truck;;2010;2021 set;
No;Baja Blazers;;2/10;70 Dodge Power wagon;;orange;;Pickup truck truck;;2010;2021 set;
No;Baja Blazers;;3/10;Toyota Off-road truck;;orange;;rally truck;;2015;2021 set;
No;Baja Blazers;;3/10;Toyota Off-road truck;;red;;rally truck;;2015;2021 set;
No;red edition;;1/12;Toyota Off-road truck;;white;;rally truck;;2015;2021 set;
No;Experimotors;;2/10;Carbonator;;orange green;;bottle;;2008;2021 set;
No;Experimotors;;2/10;Carbonator;;purple blue;;bottle;;2008;2021 set;
No;red edition;;9/12;Carbonator;;red;;bottle;;2008;2021 set;
No;Batman;;1/5;BATMAN: Arkham Knight Batmobile;;dark red;;batman car;;2018;2021 set;
No;Batman;;1/5;BATMAN: Arkham Knight Batmobile;;beige;;batman car;;2018;2021 set;
No;Experimotors;;3/10;The Haulinator;;black;;tow truck;;2014;2021 set;
No;HW Metro;;2/10;Heavy Hitcher;;red;;tow truck;;2018;2021 set;
No;HW Metro;;2/10;Heavy Hitcher;;light blue;;tow truck;;2018;2021 set;
No;HW Screen Time;;3/10;Kool Kombi;;white;;Van;;2012;2021 set;
No;Factory Fresh;;2/10;Volvon 850 Estate;;yellow;;Stationwagon;;2019;2021 set;
No;HW Art Cars;;3/10;80 El camino;;red;;lowrider;;2007;2021 set;
No;HW Art Cars;;3/10;80 El camino;;turqouise;;lowrider;;2007;2021 set;
No;HW Art Cars;;3/10;80 El camino;;zamac;;lowrider;;2007;2021 set;
No;HW Turbo;;2/5;89 Porsche 944 Turbo;;silver;;Old car;;2019;2021 set;
No;HW Turbo;;2/5;89 Porsche 944 Turbo;;blue;;Old car;;2019;2021 set;
No;Mattel Games;;3/5;Zombot;;red;;robot;;2017;2021 set;
No;Mattel Games;;3/5;Zombot;;blue;;robot;;2017;2021 set;
No;Holiday Racers;;2/5;Rockin' santa sled;;white;;sled;;2019;2021 set;
No;red edition;;4/12;Kool Kombi;;red;;Van;;2012;2021 set;
No;HW Screen Time;;4/10;Party Wagon;;yellow;;ninja turtle van;;2020;2021 set;
No;Fast Foodie;;2/5;Street Wiener;;orange/brown;;hotdog;;2017;2021 set;th
No;Holiday Racers;;3/5;Quick bite;;black;;food van;;2017;2021 set;
No;Track Stars;;2/5;Fig Rig;;purple;;track car;;2020;2021 set;
No;HW Drift;;2/5;Dodge Van;;green/blue;;Van;;2020;2021 set;
No;HW Drift;;2/5;Dodge Van;;yellow;;Van;;2020;2021 set;
No;Baja Blazers;;6/10;Lancia Delta Integrale;;white;;rally car;;2020;2021 set;
No;Baja Blazers;;6/10;Lancia Delta Integrale;;black;;rally car;;2020;2021 set;
No;Baja Blazers;;6/10;Lancia Delta Integrale;;red;;rally car;;2020;2021 set;
No;Experimotors;;5/10;Clip rod;;gold and red;;money clip;;2019;2021 set;
No;Experimotors;;5/10;Clip rod;;gold and green;;money clip;;2019;2021 set;
No;Experimotors;;6/10;Loopster;;green;;roller coaster car;;2014;2021 set;
No;Redline club;;21142/30000;1991 BMW M3;;mauve;;old BMW;;2019;;
No;Experimotors;;6/10;pink;;green;;roller coaster car;;2014;2021 set;
No;HW Metro;;3/10;Speed Dozer;;grey;;excavator;;2013;2021 set;
No;HW Metro;;4/10;Surfin' school bus;;orange and dark blue;;school bus;;2020;2021 set;
No;HW Metro;;4/10;Surfin' school bus;;white and light blue;;school bus;;2020;2021 set;
No;Batman;;2/5;The Batman Batmobile;;light blue;;batman car;;2013;2021 set;
No;Batman;;2/5;The Batman Batmobile;;chrome;;batman car;;2013;2021 set;
No;Batman;;2/5;The Batman Batmobile;;black;;batman car;;2013;2021 set;
No;HW Race Day;;4/10;BMW M3 GT2;;red;;Race car;;2011;2021 set;
No;HW Race Day;;4/10;BMW M3 GT2;;white;;Race car;;2011;2021 set;
No;HW Race Day;;4/10;BMW M3 GT2;;zamac;;Race car;;2011;2021 set;
No;HW Race Day;;5/10;Porsche 935;;white;;Race car;;2020;2021 set;
No;Tooned;;4/5;Pixel Shaker;;yellow;;pixel car;;2019;2021 set;
No;Tooned;;4/5;Pixel Shaker;;purple;;pixel car;;2019;2021 set;
No;HW Race Day;;5/10;Porsche 935;;white;;Race car;;2020;2021 set;
No;HW Race Day;;5/10;Porsche 935;;zamac;;Race car;;2020;2021 set;
No;red edition;;12/12;Donut Drifter;;red and white;;donut;;2019;2021 set;
No;Fast Foodie;;3/5;Donut Drifter;;pink;;donut;;2019;2021 set;
No;Fast Foodie;;3/5;Donut Drifter;;light blue;;donut;;2019;2021 set;
No;HW Dream Garage;;3/5;Twin Mill;;blue;;Race car;;2018;2021 set;
No ;ID chase car;;2/8;Twin Mill;;blue;;Race car;;2018;2021 set;
No;HW Glow Racers;;4/5;Lindster Prototype;;glow in the dark;;Car;;2019;2021 set;
No;Factory Fresh;;3/10;Honda Civic Si;;blue;;Car;;2000;2021 set;
No;Factory Fresh;;3/10;Honda Civic Si;;black;;Car;;2000;2021 set;
No;Factory Fresh;;4/10;17 Lamborghini Urus;;blue;;SUV;;2019;2021 set;
No;Factory Fresh;;4/10;17 Lamborghini Urus;;white;;SUV;;2019;2021 set;
No;HW Art Cars;;5/10;Surf 'N Turf;;orange;;Car;;2016;2021 set;
No;HW Art Cars;;4/10;custom '77 Dodge Van;;white;;Van;;2007;2021 set;th
No;HW Art Cars;;5/10;Surf 'N Turf;;white;;Car;;2016;2021 set;
No;HW Art Cars;;5/10;Surf 'N Turf;;zamac;;Car;;2016;2021 set;
No;HW Speed Graphics;;1/10;2016 Ford GT Race;;silver ;;Race car;;2016;2021 set;
No;HW Speed Graphics;;1/10;2016 Ford GT Race;;black;;Race car;;2016;2021 set;
No;HW Speed Graphics;;2/10;Subaru WRX STI;;yellow;;Car;;2011;2021 set;
No;HW Speed Graphics;;2/10;Subaru WRX STI;;white;;Car;;2011;2021 set;
No;HW Speed Graphics;;2/10;Subaru WRX STI;;zamac;;Car;;2011;2021 set;
No;Street Beasts;;1/5;Hotweiler;;orange;;dog;;2016;2021 set;
No;Street Beasts;;1/5;Hotweiler;;red;;dog;;2016;2021 set;
No;HW Getaways;;3/5;Deora III;;black;;Car;;2018;2021 set;
No;HW Getaways;;3/5;Deora III;;dark green;;Car;;2018;2021 set;
No;Rod squad;;1/5;ION Motors Thresher;;grey;;Car;;2019;2021 set;
No;Dino Riders;;3/5;Tricera-Truck;;purple;;dinosaur;;2018;2021 set;
No;Dino Riders;;3/5;Tricera-Truck;;turqouise;;dinosaur;;2018;2021 set;
No;Mattel Games;;2/5;Rodger Dodger;;black;;Muscle car;;2018;2021 set;
Yes;Mattel Games;;2/5;Rodger Dodger;;black / grey;;Muscle car;;2018;2021 set;STH
No;Track Stars;;3/5;Lethal Diesel;;orange;;Muscle car;;2020;2021 set;
No;Track Stars;;3/5;Lethal Diesel;;blue;;Muscle car;;2020;2021 set;
No;HW Daredevils;;2/5;Head Gasket;;red;;car with helmet;;2020;2021 set;
No;HW Daredevils;;2/5;Head Gasket;;white;;car with helmet;;2020;2021 set;
No;X-Raycers;;1/5;69 Chevelle;;red;;old muscle car;;2004;2021 set;
No;X-Raycers;;1/5;69 Chevelle;;blue;;old muscle car;;2004;2021 set;
No;Then and Now;;1/10;Ford GT-40;;white;;Race car;;1999;2021 set;
No;Then and Now;;1/10;Ford GT-40;;black;;Race car;;1999;2021 set;
No;Then and Now;;1/10;Ford GT-40;;zamac;;Race car;;1999;2021 set;
Yes;Circuit legends;;1/5;Shelby Cobra Daytona Coupe;;blue;;Race car;;2006;;
Yes;Circuit legends;;4/5;16 Ford GT Race;;blue;;Race car;;2016;;
Yes;Euro Speed;;5/5;Audi R8 LMS;;white;;Race car;;2017;;
No;Lamborghini;;7-8;Lamborghini Urus;;red;;SUV;;2014;;
No;Lamborghini;;6-8;Lamborghini Reventón Roadster;;grey;;Hyper car ;;2010;;
No;Nissan;;4/5;Nissan Skyline GT-R 32;;blue;;JDM car;;2018;;
No;Nissan;;2/5;Nissan Skyline GT-R 34;;green;;JDM car;;2009;;
No;HW Speed Graphics;;9/10;15 Mazda MX-5 Miata;;light blue;;JDM car;;2015;;
No;Factory Fresh;;6/10;Tesla Model S;;white;;e-car;;2014;https://www.ebay.de/itm/284702088028?hash=item4249911b5c:g:M0oAAOSwkqZh-mSa;
No;Factory Fresh;;3/10;Custom Datsun 240z;;whtie;;JDM car;;2016;;
Yes;2021 collector Edition;;-;17 Ford F-150 Raptor;;turqouise;;Pickup truck truck;;2015;2021 set;in card keeper
Yes;2021 collector Edition;;-;Nissan laurel 2000 SGX;;turqouise;;JDM car;;2017;2021 set;in card keeper
Yes;2021 collector Edition;;-;71 Porsche 911;;turqouise;;Old car;;2017;2021 set;in card keeper
Yes;2021 collector Edition;;-;65 Ford Galaxie;;turqouise;;Muscle car;;2010;2021 set;in card keeper
Yes;2021 collector Edition;;-;1980 Dodge Macho Power Wagon;;Zamac;;Pickup truck truch;;2013;2021 set;in card keeper
Yes;2021 collector Edition;;-;67 Off Road Camaro;;turqouise;;off road car;;2018;2021 set;in card keeper
No;HW Rescue;;10/10;Lamborghini Countach police car;;white;;police car;;2017;th;
No;HW Rescue;;10/10;Lamborghini Countach police car;;white;;police car;;2017;th;
No;Fast Foodie;;2/5;Quick bite;;orange;;food van;;2017;th;
No;Tooned;;3/5;Tooned Twin Mill;;black;;Car;;2020;th;
No;HW Turbo;;1/10;Porsche 935;;red;;Hyper car ;;2021;;
No;HW Exotics;;1/10;Porsche 993 GT2;;white;;Old car;;2012;;
No;HW Exotics;;1/10;Porsche 993 GT2;;white;;Old car;;2012;;
No;Mud Studs ;;3/5;17 Jeep Wrangler;;orange;;Pickup truck truch;;2017;th;
No;Mud Studs ;;3/5;17 Jeep Wrangler;;orange;;Pickup truck truch;;2017;th;
No;Mud Studs ;;3/5;17 Jeep Wrangler;;orange;;Pickup truck truch;;2017;th;
No;Mud Studs ;;3/5;17 Jeep Wrangler;;orange;;Pickup truck truch;;2017;th;
No;Street Beasts;;5/5;Duck N' Roll;;gold;;duck;;2019;th;
No;Street Beasts;;5/5;Duck N' Roll;;gold;;duck;;2019;th;
Yes;Rlc collectors car;;13063/25000;1952 Dodge power wagon;;spectraflame red;;Pickup truck truck;;2022;rlc;
Yes;RLC 2022 club exclusive sign up;;-;1972 Skyline H/T 2000GT-R;;spectraflame blue;;JDM car;;2022;comes with badge and neh badge;
No;Experimotors;;10/10;Gotta Go;;blue;;toilet;;2016;th;
No;Experimotors;;10/10;Gotta Go;;blue;;toilet;;2016;th;
No;Experimotors;;10/10;Gotta Go;;blue;;toilet;;2016;th;
No;Experimotors;;10/10;Gotta Go;;blue;;toilet;;2016;th;
No;Experimotors;;10/10;Gotta Go;;blue;;toilet;;2016;th;
No;HW Turbo;;1/10;Porsche 935;;black;;Hyper car ;;2021;;
No;HW Turbo;;8/10;Koenigsegg Gemera;;grey;;Hyper car ;;2021;;
No;HW HatchBacks;;5/5;99 Honda Civic Type R (Ek9);;yellow;;JDM car;;2020;;
No;Retro Racers;;10/10;BMW R nineT Racer;;white and black;;Motorcycle;;2021;Non-error (wheels have chrome color;
No;Retro Racers;;10/10;BMW R nineT Racer;;white and black;;Motorcycle;;2021;error (silver painted rims missing only black);
Yes;hotwheels Boulevard;;51;12 Corvette Z06 Drag Racer;;blue;;corvette drag car;;2020;;
Yes;hotwheels Boulevard;;51;12 Corvette Z06 Drag Racer;;blue;;corvette drag car;;2020;;
Yes;Mountain Drifters;;3/5;03 Honda NSX Type-R;;white;;JDM car;;2019;;
Yes;Mountain Drifters;;2/5;Mitsubishi 3000GT VR-4;;blue;;JDM car;;2020;;
Yes;Mountain Drifters;;2/5;Mitsubishi 3000GT VR-4;;blue;;JDM car;;2020;;
Yes;DC (pop culture);;4/5;MBK Van;;black;;Van;;2019;;
No;Racing Circuit;;1/5;2020 Ford Mustang Shelby GT500;;light green;;Muscle car;;2020;;
No;Racing Circuit;;2/5;McLaren P1;;orange;;Hyper car;;2014;;
No;Racing Circuit;;3/5;17 Acura NSX;;blue;;Car;;2015;;
No;Racing Circuit;;4/5;71 Porsche 911;;yellow;;Old car;;2017;;
No;Racing Circuit;;5/5;2020 Koenigsegg Jesko;;blue;;Hyper car;;2020;;
No ;Luxury sedans;;1/5;Porsche Panamera Turbo S E-Hybrid Sport Turismo;;black;;Car;;2018;;
No ;Luxury sedans;;1/5;Porsche Panamera Turbo S E-Hybrid Sport Turismo;;black;;Car;;2018;;
No ;Luxury sedans;;2/5;Lamborghini Estoque;;blue;;Car;;2011;;
No ;Luxury sedans;;2/5;Lamborghini Estoque;;blue;;Car;;2011;;
No ;Luxury sedans;;3/5;Tesla Model 3;;grey;;Car;;2018;;
No ;Luxury sedans;;4/5;Jaguar XE SV Project 8;;orange;;sports car;;2018;;
No ;Luxury sedans;;5/5;Cadillac CTS-V;;white;;Car;;2009;;
No;Moving Parts;;35/50;2016 Corvette Stingray;;blue;;sports car;;2022;matchbox;
No;Moving Parts;;48/50;2016 Corvette Stingray;;red;;sports car;;2021;matchbox;
Yes;Matchbox Collectors;;2/20;1982 Datsun 280 ZX;;blue;;JDM car;;2021;matchbox;
No;Then and Now;;3/10;Dodge Viper RT/10;;blue;;Muscle car;;1992;;
No;Experimotors;;10/10;Gotta Go;;blue;;toilet;;2016;th;
No;Experimotors;;10/10;Gotta Go;;blue;;toilet;;2016;th;
No;Experimotors;;10/10;Gotta Go;;blue;;toilet;;2016;th;
No;HW Race Day;;4/10;BMW M3 GT2;;red;;Race car;;2011;international card i think;
No;Mud Studs ;;3/5;17 Jeep Wrangler;;orange;;Pickup truck truch;;2017;th;
No;Tooned;;3/5;Tooned Twin Mill;;black;;Car;;2020;th;
No;HW Torque;;2/5;2020 Koenigsegg Jesko;;white;;Hyper car;;2020;;2021 set
No;HW Torque;;2/5;2020 Koenigsegg Jesko;;dark grey;;Hyper car;;2020;;2021 set
No;HW Torque;;1/5;Jaguar XE SV Project 8;;red;;Race car;;2018;;2021 set
No;HW Torque;;1/5;Jaguar XE SV Project 8;;black;;Race car;;2018;;2021 set
No;Experimotors;;7/10;See me rollin';;turqouise;;dice roller;;2020;;2021 set
No;Experimotors;;7/10;See me rollin';;red;;dice roller;;2020;;2021 set
No;Baja Blazers;;7/10;19 Chevy Silverado Trail Boss LT;;dark green;;Pickup truck truck;;2017;;2021 set
No;Baja Blazers;;7/10;19 Chevy Silverado Trail Boss LT;;zamac;;Pickup truck truck;;2017;;2021 set
No;Then and Now;;2/10;17 Nissan GT-R R35;;yellow;;JDM car;;2016;;2021 set
No;Then and Now;;2/10;17 Nissan GT-R R35;;grey;;JDM car;;2016;;2021 set
No;Then and Now;;2/10;17 Nissan GT-R R35;;black;;JDM car;;2016;;2021 set
No;HW Daredevils;;3/5;Blade Raider;;red;;sand car;;2015;;2021 set
No;HW Daredevils;;3/5;Blade Raider;;blue;;sand car;;2015;;2021 set
No;Dino Riders;;4/5;Motosaurus;;green;;dinosaur;;2016;th;2021 set
No;HW Speed Graphics;;3/10;1985 Honda CR-X;;white;;JDM car;;2015;;2021 set
No;HW Speed Graphics;;3/10;1985 Honda CR-X;;black;;JDM car;;2015;;2021 set
No;HW Speed Graphics;;3/10;1985 Honda CR-X;;zamac;;JDM car;;2015;;2021 set
No;HW art Cars;;6/10;Audacious;;red;;Car;;2002;;2021 set
Yes;Factory Fresh;;6/10;95 Mazda RX-7;;grey;;JDM car;;2017;sth;2021 set
No;Factory Fresh;;6/10;95 Mazda RX-7;;black;;JDM car;;2017;;2021 set
No;Factory Fresh;;5/10;06 Pontiac GTO;;blue;;Muscle car;;2020;;2021 set
No;Factory Fresh;;5/10;06 Pontiac GTO;;orange;;Muscle car;;2020;;2021 set
No;HW Metro;;5/10;Fast-Bed Hauler;;turqouise;;tow truck;;2013;;2021 set
No;Red edition;;11/12;2020 Koenigsegg Jesko;;red;;Hyper car;;2020;;2021 set
No;Experimotors;;8/10;Speed Driver;;red;;screw driver;;2019;;2021 set
No;Red edition;;8/12;19 Chevy Silverado Trail Boss LT;;red;;Pickup truck truck;;2017;;2021 set
No;Holiday Racers;;4/5;Volkswagen Beetle;;zamac;;vw beetle;;1988;;2021 set
No;Holiday Racers;;4/5;Volkswagen Beetle;;white;;vw beetle;;1988;;2021 set
No;Holiday Racers;;4/5;Volkswagen Beetle;;red;;vw beetle;;1988;;2021 set
No;HW Space;;1/5;Mars Perseverance rover;;white;;mars rover;;2020;;2021 set
No;Rod squad;;2/5;2 Jet Z;;black;;Car;;2019;;2021 set
No;Rod squad;;2/5;2 Jet Z;;red;;Car;;2019;;2021 set
No;HW Turbo;;3/5;91 GMC Syclone;;yellow;;Pickup truck  ;;2019;;2021 set
No;HW Turbo;;3/5;91 GMC Syclone;;blue;;Pickup truck  ;;2019;;2021 set
No;HW Turbo;;3/5;91 GMC Syclone;;zamac;;Pickup truck  ;;2019;;2021 set
No;Tooned;;5/5;Manga Tuner;;orange;;Car;;2019;;2021 set
No;Tooned;;5/5;Manga Tuner;;pink;;Car;;2019;;2021 set
No;Experimotors;;8/10;Speed Driver;;green;;screw driver;;2019;;2021 set
No;HW Race Day;;8/10;67 Ford GT40 Mk.IV;;yellow;;Old race car;;2020;;2021 set
No;HW Race Day;;8/10;67 Ford GT40 Mk.IV;;red;;Old race car;;2020;;2021 set
No;Red edition;;5/12;Corvette C8.R;;red;;Race car;;2020;;2021 set
No;HW Race Day;;6/10;Corvette C8.R;;yellow;;Race car;;2020;;2021 set
No;HW Race Day;;6/10;Corvette C8.R;;grey;;Race car;;2020;;2021 set
No;Baja Blazers;;8/10;2020 Ram 1500 Rebel;;green;;Pickup truck truck;;2019;;2021 set
No;Baja Blazers;;8/10;2020 Ram 1500 Rebel;;blue;;Pickup truck truck;;2019;;2021 set
No;Then and Now;;3/10;21 Ford Bronco;;blue;;SUV;;2020;;2021 set
No;X-Raycers;;2/5;Loco Motorin;;transparent;;train;;2019;;2021 set
No;X-Raycers;;2/5;Loco Motorin;;red;;train;;2019;;2021 set
No;HW Drift;;3/5;Astana Hotto;;black;;Car;;2019;;2021 set
No;Street Beasts;;2/5;Steer Clear ;;red;;bull;;2014;;2021 set
No;HW Daredevils;;4/5;Surf's Up;;orange;;surfer;;2019;;2021 set
No;HW Turbo;;4/5;2019 Kia Stinger Gt;;red;;Car;;2019;;2021 set
No;HW Turbo;;4/5;2019 Kia Stinger Gt;;grey;;Car;;2019;;2021 set
No;Street Beasts;;3/5;Preying Menace;;red;;Car;;2017;;2021 set
No;Street Beasts;;3/5;Preying Menace;;beige;;Car;;2017;;2021 set
Yes;HW Speed Graphics;;4/10;Corvette C7 Z06 Convertible;;black/grey;;sports car;;2017;sth;2021 set
No;HW Speed Graphics;;4/10;Corvette C7 Z06 Convertible;;black;;sports car;;2017;;2021 set
No;Factory Fresh;;7/10;McLaren Speedtail;;orange;;Hyper car;;2019;;2021 set
No;Factory Fresh;;7/10;McLaren Speedtail;;silver;;Hyper car;;2019;;2021 set
No;HW Dream Garage;;4/5;67 Camaro;;turqouise;;Muscle car;;2016;;2021 set
No;HW Dream Garage;;4/5;67 Camaro;;white;;Muscle car;;2016;;2021 set
No;HW Dream Garage;;4/5;67 Camaro;;gold;;Muscle car;;2016;;2021 set
No;Then and Now;;3/10;21 Ford Bronco;;orange;;SUV;;2020;;2021 set
No;HW Daredevils;;4/5;Surf's Up;;blue;;surfer;;2019;;2021 set
No;HW Green Speed;;1/5;Formula E Gen 2 Car (Tag Heuer Porsche Edition);;black;;formula car;;2019;;2021 set
No;HW Green Speed;;1/5;Formula E Gen 2 Car ;;gold;;formula car;;2019;;2021 set
No;HW J-Imports;;2/10;98 Honda Prelude;;yellow;;JDM car;;2019;;2021 set
No;HW J-Imports;;2/10;98 Honda Prelude;;red;;JDM car;;2019;;2021 set
No;HW J-Imports;;2/10;98 Honda Prelude;;blue/green;;JDM car;;2019;;2021 set
No;HW J-Imports;;1/10;98 Subaru Impreza 22B STi-Version;;grey;;JDM car;;2019;;2021 set
No;HW J-Imports;;1/10;98 Subaru Impreza 22B STi-Version;;dark blue;;JDM car;;2019;;2021 set
No;Track Stars;;4/5;Grand Cross;;white;;SUV;;2019;;2021 set
No;Track Stars;;4/5;Grand Cross;;red;;SUV;;2019;;2021 set
No;Rod squad;;3/5;Erikenstein Rod;;light blue;;hot rod;;2019;;2021 set
No;Rod squad;;3/5;Erikenstein Rod;;dark green;;hot rod;;2019;;2021 set
No;Rod squad;;3/5;Erikenstein Rod;;purple;;hot rod;;2019;;2021 set
No;HW Metro;;7/10;Raijin Express;;chrome ;;truck;;2020;;2021 set
No;HW Metro;;7/10;Raijin Express;;chrome red;;truck;;2020;;2021 set
Yes;Boulevard;;46;75 BRE Datsun sunny truck;;red and white;;Pickup truck;;2019;;
Yes;Boulevard;;47;Land Rover Defender 90;;dark red;;SUV;;2019;;
Yes;Boulevard;;49;Lykan Hypersport;;black;;Hyper car ;;2020;;
Yes;Team Transport ;;41;Fleet Flyer and Porsche 917 LH;;gulf colour;;car transporter with race car;;2021;;
No;MUD Studs ;;5/5;"Volkswagen ""Baja Bug""";;turqouise;;sand car;;2021;;
No;Then and Now;;1/10;Ford GT-40;;white;;Race car;;1999;;
No;HW Dream Garage;;1/5;1970 Pontiac Firebird;;red;;Muscle car;;2021;;
No;Spoiler alert;;5/5;Custom '18 Ford Mustang GT;;red purple;;Muscle car;;2018;;
No;Baja Blazers;;8/10;Custom Ford Bronco;;red;;sand car;;2007;;
No;MUD Studs ;;4/5;Range Rover classic;;turqouise;;SUV;;2021;;
No;Baja Blazers;;10/10;95 Jeep Cherokee;;green;;SUV;;2021;;
No;HW Metro;;3/10;2009 Ford F-150;;blue;;Pickup truck truck;;2008;;
No;Retro Racers;;3/10;McLaren F1 GTR;;silver;;Race car;;2017;;
No;HW art Cars;;2/10;68 Dodge Art;;white;;Muscle car;;2021;;
No;Experimotors;;6/10;Coupe Clip;;silver;;key chain;;2021;;
No;Then and Now;;3/10;Dodge Viper RT/10;;blue;;Muscle car;;1992;;
No;Factory Fresh;;5/10;Nissan Z Proto;;white;;JDM car;;2021;;
No;RLC Comic con;;-;The Mandalorian razor crest (beskar edition);;beskar;;space craft ;;2022;;
No;-;;collector n. 35;Ferrari testarossa;;black;;ferrari;;1988;In car protector;
No;2012 HW Premiere;;25/50;458 Spider;;yellow;;ferrari;;2012;In car protector;
No;HW Premiere;;05/42;Ferrari 250 GTO;;black;;ferrari;;2009;In car protector;
No;-;;collector n. 226;Ferrari 348;;black;;ferrari;;1990;In car protector;
No;-;;-;Ferrari F40;;red;;ferrari;;1988;In car protector;back opens
No;1997 First Editions;;10/12;Mercedes C-Class;;black;;Old car;;1997;In car protector;
No;1999 First Editions;;19/26;Pikes Peak Tacoma;;yellow;;pikes peak race car;;1999;In car protector;
No;Hotwheels Classics;;25/30;Customized VW Drag Truck;;mint;;drag truck;;2003;In car protector;
Yes;Japan historics 3;;4/5;75 Datsun sunny truck;;yellow;;Pickup truck;;2019;;
Yes;Thrill Climbers;;2/5;Porsche 934.5;;white;;Race car;;2019;;
Yes;Euro Speed;;3/5;Mercedes-Benz 190E 2.5-16;;black;;Old car;;2016;;
Yes;Open Track;;3/5;16 Mercedes-Amg GT3;;dark grey;;Race car;;2017;;
Yes;Open Track;;5/5;Audi R8 LMS;;white;;Race car;;2017;;
Yes;Open Track;;4/5;Acura NSX GT3;;blue;;Race car;;2018;;
Yes;Boulevard;;37;1997 Mercedes-Benz CLK-GTR;;silver;;Old race car;;2020;;
Yes;Deutschland Design;;4/5;Mercedes-Benz 300 SEL 6.8 AMG;;red;;old amg;;2020;;
Yes;Exotic Envy;;4/5;16 Bugatti Chiron;;blue;;Hyper car ;;2018;;
Yes;Boulevard;;54;Mercedes-Benz 300 SEL 6.8 AMG;;silver;;old Amg;;2020;;
Yes;Boulevard;;52;20 Toyota GR Supra;;white;;JDM car;;2020;;
Yes;Boulevard;;53;73 Holden Monaro GTS;;orange;;Muscle car;;2021;;
Yes;Deutschland Design;;3/5;Porsche 911 GT3 RS;;light blue;;Hyper car ;;2010;;
Yes;Deutschland Design;;5/5;1994 AMG-Mercedes C-Class DTM Touring car;;silver;;Race car;;2021;;
Yes;Car culture 2 packs;;#5;Nissan Skyline GT-R (32 & 34);;silver, silver;;nismo JDM cars;;2018, 2009;;
Yes;Slide Street;;1/5;Nissan Silvia s14;;white with formula Drift in red;;drift car/JDM car;;2018;;
Yes;Slide Street;;2/5;20 Toyota GR Supra;;white;;drift car/JDM car;;2020;;
Yes;Slide Street;;2/5;Toyota AE86 Sprinter Trueno;;white;;drift car/JDM car;;2019;;
Yes;Slide Street;;5/5;20 Ford Mustang RTR Spec 5;;dark grey;;drift car/JDM car;;2020;;
Yes;Team Transport ;;Walmart Special;Custom corvette stingray coupe & carry on;;yellow, black;;oldtimer & truck;;2020;hot wheels legends tour x walmart;
Yes;Mercedes Benz Display set;;-;Carry on, Mercedes-Benz 300 SL, Sauber-Mercedes C9, '16 Mercedes-Amg GT3;;black, beige, silver, dark grey;;truck, oldtimer, old race car, race car;;2021;;
No;Color Shifters (RLC special);;-;Deora II;;white and blue;;fantasy car;;2022;;
No;HW Speed Graphics;;10/10;17 Nissan GT-R R35 50 anniversary;;white;;JDM car;;2016;;
No;Porsche;;1/5;89 Porsche 944 Turbo;;beige;;Old car;;2019;;
No;Porsche;;3/5;Porsche Panamera Turbo S E-Hybrid Sport Turismo;;blue;;hybrid car;;2018;;
No;HW Drift;;4/5;Volvo 240 Drift Wagon;;maroon;;drift car;;2022;;
No;Batman;;3/5;Batplane;;black;;batman plane;;2020;2021 set;
No;Experimotors;;9/10;Skull shaker;;purple;;skull shaker small;;2017;2021 set ;th
No;HW screen time;;5/10;The mystery machine;;turqouise;;Van;;2012;2021 set ;
No;Fast Foodie;;4/5;Car-de-asada;;beige;;taco;;2020;2021 set ;
No;HW Drift;;4/5;Custom '18 Ford Mustang GT;;black;;drift car;;2018;2021 set ;
No;HW Drift;;4/5;Custom '18 Ford Mustang GT;;red;;drift car;;2018;2021 set ;
No;HW Drift;;4/5;Custom '18 Ford Mustang GT;;white;;drift car;;2018;2021 set ;
No;X-Raycers;;3/5;Forward Force;;purple;;SUV;;2019;2021 set;
No;X-Raycers;;3/5;Forward Force;;blue;;SUV;;2019;2021 set;
No;Then and Now;;4/10;15 Mazda MX-5 Miata;;red;;JDM car;;2015;2021 set;
No;Then and Now;;4/10;15 Mazda MX-5 Miata;;grey;;JDM car;;2015;2021 set;
No;HW Race Day;;7/10;2018 Bentley continental GT3;;green;;Race car;;2020;2021 set;
No;Track Stars;;5/5;Cosmic Coupe;;green;;track stars car;;2020;2021 set;
No;Track Stars;;5/5;Cosmic Coupe;;grey;;track stars car;;2020;2021 set;
No;Batman;;3/5;Batplane;;black;;batman plane;;2020;2021 set;
No;Fast Foodie;;4/5;Car-de-asada;;red;;taco;;2020;2021 set ;
No;HW Race Day;;7/10;2018 Bentley continental GT3;;white;;Race car;;2020;2021 set;
No;Factory Fresh;;9/10;Nissan R390 GT1;;blue;;JDM car;;2020;2021 set;
No;HW Torque;;3/5;19 Corvette ZR1 Convertible;;white;;Muscle car;;2019;2021 set;
No;Red edition;;7/12;19 Corvette ZR1 Convertible;;red;;Muscle car;;2019;2021 set;
No;HW Glow riders;;5/5;Duck N' Roll;;glow in dark;;duck;;2019;2021 set;
No;HW Getaways;;4/5;Twinnin' 'N Winnin';;white;;sand car;;2020;2021 set;
No;HW Drift;;5/5;Mazda RX-3;;white;;JDM car;;2015;2021 set;
Yes;HW Drift;;5/5;Mazda RX-3;;white;;JDM car;;2015;2021 set;sth
No;HW Getaways;;4/5;Twinnin' 'N Winnin';;yellow;;sand car;;2020;2021 set;
No;Factory Fresh;;9/10;Nissan R390 GT1;;red;;JDM car;;2020;2021 set;
No;HW Getaways;;5/5;20 Jeep Gladiator;;blue;;Pickup truck truck;;2019;2021 set;
No;HW Getaways;;5/5;20 Jeep Gladiator;;green;;Pickup truck truck;;2019;2021 set;
No;Fast Foodie;;5/5;Aisle driver;;black;;shopping cart;;2016;2021 set;
No;Fast Foodie;;5/5;Aisle driver;;blue;;shopping cart;;2016;2021 set;
No;HW Race Day;;9/10;DAVancenator;;chrome blue;;Car;;2020;2021 set;
No;HW Race Day;;9/10;DAVancenator;;chrome red;;Car;;2020;2021 set;
No;HW Screen time;;7/10;Minecart;;orange;;cart;;2015;2021 set;
No;HW Dream Garage;;5/5;Deora II;;blue;;Car;;2020;2021 set;th
No;Factory Fresh;;8/10;Mercedes-benz 500 E;;black;;Old car;;2020;2021 set;
No;HW Torque;;4/5;2020 Ford Mustang Shelby GT500;;yellow;;Muscle car;;2020;2021 set;
Yes;HW Torque;;4/5;2020 Ford Mustang Shelby GT500;;gold;;Muscle car;;2020;2021 set;sth
No;Factory Fresh;;8/10;Mercedes-benz 500 E;;grey;;Old car;;2020;2021 set;
No;HW Getaways;;5/5;20 Jeep Gladiator;;white;;Pickup truck truck;;2019;2021 set;
No;HW art Cars;;8/10;La Troca;;black;;Pickup truck;;2020;2021 set;
No;HW art Cars;;8/10;La Troca;;white;;Pickup truck;;2020;2021 set;
No;HW Turbo;;5/5;17 Acura NSX;;red;;fast car;;2015;2021 set;
No;HW Turbo;;5/5;17 Acura NSX;;green;;fast car;;2015;2021 set;
No;Street Beasts;;4/5;Arachnorod;;light blue;;spider car;;2013;2021 set;
No;ID cars;;4/8;Arachnorod;;light blue;;spider car;;2013;2021 set;
No;Mattel Games;;5/5;10 Pro stock camaro;;yellow;;drag car;;2010;2021 set;
No;Baja Blazers;;10/10;Big-air Bel-air;;red;;sand car;;2019;2021 set;
No;HW art Cars;;7/10;GT Hunter;;blue;;Car;;2014;2021 set;
No;Dino Riders;;5/5;Veloci-Racer;;grey;;dinosaur;;2019;2021 set;
No;ID cars;;3/8;GT Hunter;;blue;;Car;;2014;2021 set;
No;Baja Blazers;;10/10;Big-air Bel-air;;turqouise;;sand car;;2019;2021 set;
No;Mattel Games;;5/5;10 Pro stock camaro;;yellow;;drag car;;2010;2021 set;
No;HW Space;;2/5;Airuption;;turqouise;;airplane car;;2017;2021 set;
No;HW Space;;2/5;Airuption;;grey;;airplane car;;2017;2021 set;
No;HW J-Imports;;3/10;70 Toyota Celica;;green blue;;JDM car;;2012;2021 set;
No;HW J-Imports;;3/10;70 Toyota Celica;;turqouise;;JDM car;;2012;2021 set;
No;HW Green Speed;;2/5;Roborace robocar;;white;;Car;;2018;2021 set;
No;HW Green Speed;;2/5;Roborace robocar;;black;;Car;;2018;2021 set;
No;Holiday Racers;;5/5;Hot Tub;;green;;hot tub car;;2020;2021 set;
No;Mattel Games;;4/5;55 Chevy Bel Air Gasser;;green;;Muscle car;;2012;2021 set;
No;HW Metro;;6/10;Mad Propz;;red;;airplane  ;;2004;2021 set;
No;Mattel Games;;4/5;55 Chevy Bel Air Gasser;;blue;;Muscle car;;2012;2021 set;
No;Factory Fresh;;10/10;94 Audi Avant RS2;;blue;;station wagon;;2020;2021 set;
No;Factory Fresh;;10/10;94 Audi Avant RS2;;grey;;station wagon;;2020;2021 set;
No;HW Metro;;9/10;Ain't Fare;;green;;bus;;2020;2021 set;
No;HW Metro;;9/10;Ain't Fare;;orange;;bus;;2020;2021 set;
No;Experimotors;;10/10;Custom Small Block;;yellow;;lego car;;2020;2021 set;
No;Experimotors;;10/10;Custom Small Block;;red;;lego car;;2020;2021 set;
No;Then and Now;;5/10;2017 Camaro ZL1;;orange;;Muscle car;;2016;2021 set;
No;Then and Now;;5/10;2017 Camaro ZL1;;blue;;Muscle car;;2016;2021 set;
No;HW Race Day;;10/10;Mustang Funny Car;;grey;;drag car;;2020;2021 set;th
No;HW Metro;;8/10;Total Disposal;;green grey;;trash truck;;2019;2021 set;
No;X-Raycers;;4/5;Slide Kick;;red;;Car;;2018;2021 set;
Yes;RLC Comic con;;-;Knight Rider;;black;;knight rider;;2022;with lights;
Yes;RLC Club Exclusive;;-;1972 Skyline H/T 2000GT-R;;blue;;JDM car;;2020;in card keeper with badges;
No;HW Flames;;1/5;Mod rod;;white;;Muscle car;;2019;2021 set;
No;HW Flames;;1/5;Mod rod;;blue;;Muscle car;;2019;2021 set;
No;HW J-Imports;;7/10;Custom '70 Honda N600;;turqouise;;small car;;2020;2021 set ;
No;HW J-Imports;;7/10;Custom '70 Honda N600;;beige;;small car;;2020;2021 set ;
No;Muscle Mania;;1/10;85 Chevrolet camaro Iroc-z;;blue;;Muscle car;;2011;2021 set ;
No;Muscle Mania;;1/10;85 Chevrolet camaro Iroc-z;;red;;Muscle car;;2011;2021 set ;
No;HW Hot trucks;;3/10;Toyota Land cruiser;;blue;;Pickup truck truck;;2020;2021 set ;
No;HW Space;;4/5;70s Van;;white;;Van;;1974;2021 set;
No;Muscle Mania;;2/10;67 Ford Mustang coupe;;purple;;Muscle car;;2009;2021 set;
No;HW Hot trucks;;2/10;Chevy silverado off road;;yellow;;Pickup truck truck;;2020;2021 set;
No;HW Screen time;;9/10;Disney steamboat;;white;;boat;;2020;2021 set;
No;Then and Now;;10/10;91 Mazda MX-5 Miata;;red;;JDM car;;2018;2021 set;th
No;HW Hot trucks;;2/10;Chevy silverado off road;;orange;;Pickup truck truck;;2020;2021 set;
No;Batman;;4/5;Batmobile;;black matte;;batman car;;2020;2021 set;
No;Batman;;4/5;Batmobile;;black gloss;;batman car;;2020;2021 set;
No;Rod squad;;5/5;Muscle and blown;;blue grey;;Muscle car;;2020;2021 set ;
No;Rod squad;;5/5;Muscle and blown;;red;;Muscle car;;2020;2021 set ;
No;HW Speed Graphics;;8/10;67 Chevelle SS 396;;yellow;;Muscle car;;2009;2021 set;
No;HW Speed Graphics;;8/10;67 Chevelle SS 396;;blue;;Muscle car;;2009;2021 set;
No;HW J-Imports;;6/10;2018 Honda Civic type R;;grey;;JDM car;;2018;2021 set;
Yes;HW J-Imports;;6/10;2018 Honda Civic type R;;grey;;JDM car;;2018;2021 set;sth
No;HW Rescue;;1/10;Mercedes-Benz Unimog 1300;;white;;unimog;;2018;2021 set;
No;HW Green Speed;;3/5;Tesla Cybertruck;;metal;;SUV;;2020;2021 set;
No;HW Space;;3/5;BOT Wheels;;white;;mars rover;;2018;2021 set;
No;Then and Now;;9/10;Nissan Skyline 2000 GT-R;;yellow;;JDM car;;2011;2021 set;
No;Then and Now;;9/10;Nissan Skyline 2000 GT-R;;grey;;JDM car;;2011;2021 set;
No;Then and Now;;8/10;70 Chevy camaro RS;;orange;;Muscle car;;2020;2021 set;
No;Then and Now;;8/10;70 Chevy camaro RS;;green;;Muscle car;;2020;2021 set;
No;Then and Now;;8/10;70 Chevy camaro RS;;blue;;Muscle car;;2020;2021 set;
No;HW Speed Graphics;;5/10;20 Toyota GR Supra;;white;;JDM car;;2020;2021 set;
No;HW Speed Graphics;;5/10;20 Toyota GR Supra;;yellow;;JDM car;;2020;2021 set;
No;Street Beasts;;5/5;Turtoshell;;brown;;turtle;;2020;2021 set;
No;Street Beasts;;5/5;Turtoshell;;red;;turtle;;2020;2021 set;
No;HW Space;;3/5;BOT Wheels;;gold;;mars rover;;2018;2021 set;
No;HW J-Imports;;5/10;89 Mazda Savanna RX-7 FC3S;;blue;;JDM car;;2019;2021 set;
No;HW Race Team;;2/10;HW450F;;blue;;Motorcycle;;2020;2021 set;
No;HW Rescue;;1/10;Mercedes-Benz Unimog 1300;;red;;unimog;;2018;2021 set;
No;HW J-Imports;;5/10;89 Mazda Savanna RX-7 FC3S;;white;;JDM car;;2019;2021 set;
No;HW Hot trucks;;1/10;82 Dodge Rampage;;red;;Muscle car;;2020;2021 set;
No;HW Hot trucks;;1/10;82 Dodge Rampage;;black;;Muscle car;;2020;2021 set;
No;HW Exotics;;1/10;Porsche 993 GT2;;red;;Old car;;2012;2021 set;
No;HW Exotics;;1/10;Porsche 993 GT2;;white;;Old car;;2012;2021 set;
No;Baja Blazers;;9/10;Ducati Scrambler HW edition;;black;;Motorcycle;;2020;2021 set;
No;Baja Blazers;;9/10;Ducati Scrambler HW edition;;dark green;;Motorcycle;;2020;2021 set;
No;HW Speed Graphics;;7/10;Porsche 356 Outlaw;;light blue;;Old car;;2015;2021 set;
Yes;HW Speed Graphics;;7/10;Porsche 356 Outlaw;;blue;;Old car;;2015;2021 set;sth
No;HW Race Team;;1/10;87 Dodge D100;;orange;;Pickup truck truck;;2017;2021 set;
No;HW Id cars;;5/8;69 Copo camaro;;turqouise;;Muscle car;;2019;2021 set;id car
No;HW Speed Graphics;;6/10;69 Copo camaro;;turqouise;;Muscle car;;2019;2021 set;
No;HW Race Team;;1/10;87 Dodge D100;;blue;;Pickup truck truck;;2017;2021 set;
No;HW Torque;;5/5;17 Ford F-150 Raptor;;grey;;Pickup truck truck;;2015;2021 set;
No;HW Torque;;5/5;17 Ford F-150 Raptor;;brown red;;Pickup truck truck;;2015;2021 set;
No;Then and Now;;7/10;17 Ford GT;;black;;Race car;;2015;2021 set;
No;Then and Now;;7/10;17 Ford GT;;white;;Race car;;2015;2021 set;
No;Then and Now;;7/10;17 Ford GT;;zamac;;Race car;;2015;2021 set;
No;HW J-Imports;;4/10;71 Datsun 510;;dull light green blue;;JDM car;;2018;2021 set;
Yes;HW J-Imports;;4/10;71 Datsun 510;;green blue;;JDM car;;2018;2021 set;sth
No;HW Metro;;10/10;Chrysler Pacifica;;white;;SUV;;2018;2021 set;th
No;Then and Now;;6/10;Custom Ford Bronco;;orange;;Pickup truck truck;;2007;2021 set;
No;HW Screen time;;8/10;Standard kart;;red;;mario kart kart;;2020;2021 set;
No;Then and Now;;6/10;Custom Ford Bronco;;blue;;Pickup truck truck;;2007;2021 set;
No;Rod squad;;4/5;Bone shaker;;yellow;;Muscle car;;2005;2021 set;
No;Rod squad;;4/5;Bone shaker;;grey;;Muscle car;;2005;2021 set;
No;X-Raycers;;5/5;Draftnator;;orange;;Pickup truck;;2020;2021 set;
No;X-Raycers;;5/5;Draftnator;;blue;;Pickup truck;;2020;2021 set;
No;HW Screen time;;6/10;Rally Baja Crawler;;black;;Pickup truck truck;;2019;2021 set;
No;HW Screen time;;6/10;Rally Baja Crawler;;black;;Pickup truck truck;;2019;2021 set;
No;HW art Cars;;10/10;Mad Manga;;yellow;;Car;;2011;2021 set;
No;HW art Cars;;10/10;Mad Manga;;lime green;;Car;;2011;2021 set;
No;HW art Cars;;9/10;Rocket Oil Special;;orange;;Car;;2020;2021 set;
No;HW art Cars;;9/10;Rocket Oil Special;;purple;;Car;;2020;2021 set;
No;HW Daredevils;;5/5;Tred Shredder;;blue;;Motorcycle;;2020;2021 set;th
No;HW Speed Graphics;;5/10;20 Toyota GR Supra;;black;;JDM car;;2020;2021 set;
No;Then and Now;;9/10;Nissan Skyline 2000 GT-R;;green;;JDM car;;2011;2021 set;
No;HW Id cars;;8/8;Pagani Huayra;;gold;;Hyper car ;;2017;2021 set ;id car
No;HW Exotics;;10/10;Pagani Huayra;;gold;;Hyper car ;;2017;2021 set ;
No;HW Exotics;;9/10;Aston Martin V12 Speedster;;silver;;Car;;2021;2021 set ;
No;HW Exotics;;9/10;Aston Martin V12 Speedster;;red;;Car;;2021;2021 set ;
No;Muscle Mania;;10/10;Shelby Cobra 427 S/C;;red;;Old car;;1982;2021 set ;
Yes;Muscle Mania;;10/10;Shelby Cobra 427 S/C;;red;;Old car;;1982;2021 set ;sth
No;HW Race Team;;9/10;Dodge challenger Drift car;;blue;;Muscle car;;2010;2021 set;
No;HW Rescue;;10/10;Lamborghini Countach police car;;white;;police car;;2017;2021 set;th
No;Muscle Mania;;9/10;Hot bird;;blue;;Muscle car;;2021;2021 set;
No;HW Race Team;;10/10;Moto Wing;;blue;;motorcycle car;;2018;2021 set;
No;Muscle Mania;;8/10;65 Ford Galaxie;;yellow;;old muscle car;;2019;2021 set;th
No;HW Race Team;;7/10;64 Nova wagon gasser;;blue;;Muscle car;;2018;2021 set;
Yes;HW Race Team;;7/10;64 Nova wagon gasser;;blue;;Muscle car;;2018;2021 set;sth
No;HW Flames;;4/5;Fusionbusta;;grey;;Car;;2020;2021 set ;
No;Muscle Mania;;7/10;68 Plymouth barracuda formula S;;green;;Muscle car;;2012;2021 set ;
No;HW Exotics;;8/10;Mclaren F1;;grey;;Hyper car ;;2020;2021 set;
No;HW Exotics;;7/10;Crescendo;;yellow;;Car;;2016;2021 set;
No;HW Race Team;;8/10;Sand Burner;;blue;;sand car;;2020;2021 set;
No;HW Id cars;;7/8;15 Dodge charger SRT;;gold;;fire car;;2018;2021 set;id car
No;HW Flames;;3/5;52 Chevy;;grey;;Pickup truck;;2006;2021 set;
No;Muscle Mania;;6/10;67 Oldsmobile 442;;light blue;;Muscle car;;2010;2021 set;
No;HW Hot trucks;;9/10;99 Ford F-150 SVT Lightning;;red;;Pickup truck;;2020;2021 set;
No;HW Rescue;;8/10;Alpha Pursuit;;white;;police car;;2019;2021 set;
No;HW Hot trucks;;8/10;19 Ford Ranger Raptor;;green;;Pickup truck truck;;2018;2021 set;
No;HW Rescue;;7/10;15 Dodge charger SRT;;yellow;;fire car;;2018;2021 set;
No;HW Hot trucks;;10/10;Range rover classic;;white;;SUV;;2021;2021 set;
No;HW Hot trucks;;10/10;Range rover classic;;red;;SUV;;2021;2021 set;
No;HW Hot trucks;;6/10;49 Ford F1 ;;purple;;Pickup truck;;2012;2021 set;
Yes;HW Hot trucks;;6/10;49 Ford F1 ;;purple;;Pickup truck;;2012;2021 set;sth
No;HW Rescue;;6/10;96 Chevrolet Impala SS;;white;;fire car;;2019;2021 set;
No;Muscle Mania;;5/10;AMC Rebel Machine;;zamac;;Muscle car;;2020;2021 set;
No;HW Rescue;;9/10;Fire-Eater;;yellow;;fire truck;;2020;2021 set;
No;HW Exotics;;6/10;94 Bugatti EB110 SS;;blue;;old Hyper car;;2020;2021 set;
No;HW Race Team;;6/10;Mad splash;;blue;;boat on water;;2011;2021 set;
No;HW Flames;;5/5;Bad Bagger;;red;;Motorcycle;;2020;2021 set;
No;Batman;;5/5;Justice League Batmobile;;black;;batman car;;2017;2021 set;th
No;HW Screen time;;10/10;X-Jet;;blue;;X-Men plane;;2020;2021 set;
No;Muscle Mania;;5/10;AMC Rebel Machine;;white;;Muscle car;;2020;2021 set;
No;Muscle Mania;;4/10;87 Buick Regal GNX;;black;;Muscle car;;2019;2021 set;
No;Muscle Mania;;4/10;87 Buick Regal GNX;;red;;Muscle car;;2019;2021 set;
No;HW J-Imports;;10/10;99 Honda Civic type R (EK9);;white;;JDM car;;2020;2021 set;
No;HW Green Speed;;5/5;Nissan Leaf Nismo RC_02;;grey;;e-car;;2020;2021 set;
No;HW Rescue;;2/10;Water Bomber;;white;;airplane;;2020;2021 set;
No;HW Hot trucks;;5/10;19788 Dodge Li'L red Express truck;;green;;Pickup truck ;;2018;2021 set;
No;HW Rescue;;4/10;Aston Martin One-77;;yellow;;Car;;2011;2021 set;
No;HW J-Imports;;9/10;Nissan Silvia S13;;red;;JDM car;;2019;2021 set;
No;HW Exotics;;5/10;Porsche 914 Safari;;white;;sand car;;2020;2021 set;
No;HW Rescue;;5/10;Dodge charger drift;;black;;fire car;;2009;2021 set;
No;HW Hot trucks;;7/10;Toyota Land cruiser;;dark grey;;SUV;;2020;2021 set;
No;HW Green Speed;;4/5;porsche Taycan turbo s;;red;;e-car;;2020;2021 set;
No;HW Id cars;;6/8;porsche Taycan turbo s;;red;;e-car;;2020;2021 set;id car
No;HW Flames;;2/5;68 Mercury cougar;;green;;Muscle car;;2013;2021 set;
Yes;HW Flames;;2/5;68 Mercury cougar;;green;;Muscle car;;2013;2021 set;sth
No;HW Exotics;;4/10;2019 Audi R8 Spyder;;blue;;Hyper car ;;2019;2021 set;
Yes;HW Exotics;;4/10;2019 Audi R8 Spyder;;blue;;Hyper car ;;2019;2021 set;sth
No;HW Rescue;;2/10;Water Bomber;;yellow;;airplane;;2020;2021 set;
No;HW Race Team;;5/10;GT-Scorcher;;blue;;Race car;;2020;2021 set;
No;HW J-Imports;;8/10;LB-Silhouette Works GT Nissan 35GT-RR Ver.2;;red;;JDM car;;2020;2021 set;
No;HW Rescue;;3/10;HW Rapid Responder;;yellow;;ambulance;;1974;2021 set;
No;Red edition;;10/12;Toyota Land cruiser;;black;;Pickup truck truck;;2020;2021 set;
No;Muscle Mania;;3/10;71 Plymouth road runner;;blue;;Muscle car;;2021;2021 set;
No;Muscle Mania;;2/10;67 Ford Mustang coupe;;black;;Muscle car;;2009;2021 set;
No;HW J-Imports;;8/10;LB-Silhouette Works GT Nissan 35GT-RR Ver.2;;blue;;JDM car;;2020;2021 set;
No;HW Exotics;;3/10;Geoterra;;red;;SUV;;2019;2021 set;
No;HW Exotics;;3/10;Geoterra;;black;;SUV;;2019;2021 set;
No;HW Race Team;;3/10;Dodge Charger Stock Car;;zamac;;stock car;;2012;2021 set;
No;HW Race Team;;3/10;Dodge Charger Stock Car;;blue;;stock car;;2012;2021 set;
No;HW Race Team;;4/10;Indy 500 Oval;;orange;;Race car;;2011;2021 set;
No;HW Race Team;;4/10;Indy 500 Oval;;blue;;Race car;;2011;2021 set;
No;HW Hot trucks;;4/10;67 Chevy C10;;light blue;;Pickup truck;;2013;2021 set;
No;HW Space;;5/5;Ollie Rocket;;black;;rocket;;2015;2021 set;th
No;HW Speed Graphics;;9/10;Mercedes Benz 300 SL;;silver;;Old car;;2019;2021 set;
No;HW Speed Graphics;;10/10;LB-Works Lamborghini Huracan coupe;;grey;;Hyper car ;;2020;2021 set;
No;HW Exotics;;2/10;Impavado 1;;green;;Car;;2015;2021 set;
No;HW Wagons;;4/5;Nissan maxima drift car;;white;;station wagon;;2021;;
;HW Exotics;;10/10;Pagani Huayra;;gold;;Hyper car ;;2012;;
No;HW Exotics 5 pack;;-;Pagani Huayra, aston martin, lamborghini huracan, porsche, lamborghini aventador j;;Orange, purple, red, blue, green;;Hyper cars;;2016;;
Yes;Teenage mutant ninja turtles;;-;Party wagon;;yellow;;Van;;2019;;
Yes;Team Transport;;#48;16 Mercedes-amg GT3 & Fleet street;;silver;;race car and truck;;2021;;
Yes ;RLC Club Exclusive;;-;21 Ford Bronco;;turqouise;;SUV;;2023;;
Yes;RLC Club Exclusive;;-;82 Lamborghini Countach Lp 500s;;blue;;Old car;;2019;;
Yes;RLC Club Exclusive;;-;82 Lamborghini Countach Lp 500s;;blue;;Old car;;2019;;
No;HW 55 Race Team;;4/5;Mod rod;;blue;;Muscle car;;2019;th;
Yes;Fast & Furious;;3/5;Jeep Grand Cherokee Trackhawk;;dark grey;;SUV;;2020;;
Yes;Fast & Furious;;2/5;1967 Chevy Camaro Offroad;;silver;;Muscle car;;2018;;
Yes;Fast & Furious;;1/5;Mazda Rx-7 FD;;white;;JDM car;;2018;;
Yes;Fast & Furious;;4/5;Porsche 718 Cayman GT4;;white;;Car;;2022;;
Yes;RLC Club Exclusive;;4005;Circle Tracker Paul George Exclusive;;orange;;Race car;;2022;in nike orange box;
Yes;RLC Club Exclusive;;-;1971 De Tomaso Mangusta;;Green;;Old car;;;;
Yes;RLC Club Exclusive;;-;Delorean DMC-12 & Delorean Alpha V;;silver and red;;old and new delorean;;2023;In double display case;
No;Sweet Rides;;5/5;Donut Drifter;;orange;;donut;;2019;Treasure hunt;
Yes;Pop Culture: Speed Shop;;3/5;69 Nissan Skyline Van;;white;;station wagon;;2023;;
Yes;Pop Culture: Speed Shop;;4/5;65 Mercury Comet Cyclone;;red;;drag car;;2023;;
No;Gran Turismo;;1/5;73 BMW 3.0 CSL race car;;orange;;Old car;;2015;;
No;Gran Turismo;;4/5;20 Ford Mustang Shelby GT500;;blue;;american car;;2020;;
No;Gran Turismo;;3/5;Porsche 911 GT3 RS;;yellow;;Race car;;2016;;
No;Gran Turismo;;2/5;2017 Nissan GT-R [R35];;white;;JDM car;;2016;;
No;Porsche;;4/6;Porsche 935;;blue;;Old race car;;2021;;
No;Porsche;;2/6;1971 Porsche 911;;orange;;Old car;;2017;;
No;Porsche;;3/6;1989 Porsche 944 Turbo;;black;;Old car;;2019;;
No;HW Art Cars;;7/10;Purple passion;;light blue;;Old car;;2024;th;
No;Experimotors;;3/5;Tooligan;;pink;;Car;;2009;th;
Yes;2023 selection car;;-;1972 skyline HT 2000GT-R;;purple;;JDM car;;2023;;
No;Hybrid Speed;;2/5;Lamborghini Sián FKP 37;;red;;Hyper car;;2025;;
No;Hybrid Speed;;3/5;McLaren P1;;green;;Hyper car;;2025;;
Yes;Boulevard;;110;De Tomaso Pantera Gruppo 4;;yellow;;Old race car;;2025;;
Yes;Hotwheels world tour;;4/5;Volkswagen Brasilia;;lime green;;Old car;;2025;;
Yes;Boulevard;;123;69 Ford Mustang Boss 302;;Orange;;Muscle car;;2025;;
Yes;Fast & Furious;;4/5;Toyota Land cruiser;;red;;SUV;;2025;;
No;Silver Series 6 car set;;-;BMW 507, Mercedes-Benz 190 E 2.5-16, Audi RS 5 Coupe, Alfa romeo GTV6 30, Volkswagen gold MK7, 1996 Porsche 911 carrera;;Blue, Red, light blue, green, gold, grey;;Old car & new car;;2025;set of six cars in rectangle wide box;
Yes;Fast & Furious;;3/5;Koenigsegg CCXR;;black;;hyper car;;2025;;
Yes;Circuit Legends;;3/5;Porsche 917KH;;red;;Old race car;;2025;;
Yes;Elite64;;19;Radford Type 62-2 Pikes Peak;;Black;;Race car;;;;
